Date,BVR_WaterLevel_m,BVR_Vol_m3
9/1/2009,13,1460000
9/2/2009,13,1460000
9/3/2009,13,1460000
9/4/2009,13,1460000
9/5/2009,13,1460000
9/6/2009,13,1460000
9/7/2009,13,1460000
9/8/2009,13,1460000
9/9/2009,13,1460000
9/10/2009,13,1460000
9/11/2009,13,1460000
9/12/2009,13,1460000
9/13/2009,13,1460000
9/14/2009,13,1460000
9/15/2009,13,1460000
9/16/2009,13,1460000
9/17/2009,13,1460000
9/18/2009,13,1460000
9/19/2009,13,1460000
9/20/2009,13,1460000
9/21/2009,13,1460000
9/22/2009,13,1460000
9/23/2009,13,1460000
9/24/2009,13,1460000
9/25/2009,13,1460000
9/26/2009,13,1460000
9/27/2009,13,1460000
9/28/2009,13,1460000
9/29/2009,13,1460000
9/30/2009,13,1460000
10/1/2009,13,1460000
10/2/2009,13,1460000
10/3/2009,13,1460000
10/4/2009,13,1460000
10/5/2009,13,1460000
10/6/2009,13,1460000
10/7/2009,13,1460000
10/8/2009,13,1460000
10/9/2009,13,1460000
10/10/2009,13,1460000
10/11/2009,13,1460000
10/12/2009,13,1460000
10/13/2009,13,1460000
10/14/2009,13,1460000
10/15/2009,13,1460000
10/16/2009,13,1460000
10/17/2009,13,1460000
10/18/2009,13,1460000
10/19/2009,13,1460000
10/20/2009,13,1460000
10/21/2009,13,1460000
10/22/2009,13,1460000
10/23/2009,13,1460000
10/24/2009,13,1460000
10/25/2009,13,1460000
10/26/2009,13,1460000
10/27/2009,13,1460000
10/28/2009,13,1460000
10/29/2009,13,1460000
10/30/2009,13,1460000
10/31/2009,13,1460000
11/1/2009,13,1460000
11/1/2009,13,1460000
11/2/2009,13,1460000
11/3/2009,13,1460000
11/4/2009,13,1460000
11/5/2009,13,1460000
11/6/2009,13,1460000
11/7/2009,13,1460000
11/8/2009,13,1460000
11/9/2009,13,1460000
11/10/2009,13,1460000
11/11/2009,13,1460000
11/12/2009,13,1460000
11/13/2009,13,1460000
11/14/2009,13,1460000
11/15/2009,13,1460000
11/16/2009,13,1460000
11/17/2009,13,1460000
11/18/2009,13,1460000
11/19/2009,13,1460000
11/20/2009,13,1460000
11/21/2009,13,1460000
11/22/2009,13,1460000
11/23/2009,13,1460000
11/24/2009,13,1460000
11/25/2009,13,1460000
11/26/2009,13,1460000
11/27/2009,13,1460000
11/28/2009,13,1460000
11/29/2009,13,1460000
11/30/2009,13,1460000
12/1/2009,13,1460000
12/2/2009,13,1460000
12/3/2009,13,1460000
12/4/2009,13,1460000
12/5/2009,13,1460000
12/6/2009,13,1460000
12/7/2009,13,1460000
12/8/2009,13,1460000
12/9/2009,13,1460000
12/10/2009,13,1460000
12/11/2009,13,1460000
12/12/2009,13,1460000
12/13/2009,13,1460000
12/14/2009,13,1460000
12/15/2009,13,1460000
12/16/2009,13,1460000
12/17/2009,13,1460000
12/18/2009,13,1460000
12/19/2009,13,1460000
12/20/2009,13,1460000
12/21/2009,13,1460000
12/22/2009,13,1460000
12/23/2009,13,1460000
12/24/2009,13,1460000
12/25/2009,13,1460000
12/26/2009,13,1460000
12/27/2009,13,1460000
12/28/2009,13,1460000
12/29/2009,13,1460000
12/30/2009,13,1460000
12/31/2009,13,1460000
1/1/2010,13,1460000
1/2/2010,13,1460000
1/3/2010,13,1460000
1/4/2010,13,1460000
1/5/2010,13,1460000
1/6/2010,13,1460000
1/7/2010,13,1460000
1/8/2010,13,1460000
1/9/2010,13,1460000
1/10/2010,13,1460000
1/11/2010,13,1460000
1/12/2010,13,1460000
1/13/2010,13,1460000
1/14/2010,13,1460000
1/15/2010,13,1460000
1/16/2010,13,1460000
1/17/2010,13,1460000
1/18/2010,13,1460000
1/19/2010,13,1460000
1/20/2010,13,1460000
1/21/2010,13,1460000
1/22/2010,13,1460000
1/23/2010,13,1460000
1/24/2010,13,1460000
1/25/2010,13,1460000
1/26/2010,13,1460000
1/27/2010,13,1460000
1/28/2010,13,1460000
1/29/2010,13,1460000
1/30/2010,13,1460000
1/31/2010,13,1460000
2/1/2010,13,1460000
2/2/2010,13,1460000
2/3/2010,13,1460000
2/4/2010,13,1460000
2/5/2010,13,1460000
2/6/2010,13,1460000
2/7/2010,13,1460000
2/8/2010,13,1460000
2/9/2010,13,1460000
2/10/2010,13,1460000
2/11/2010,13,1460000
2/12/2010,13,1460000
2/13/2010,13,1460000
2/14/2010,13,1460000
2/15/2010,13,1460000
2/16/2010,13,1460000
2/17/2010,13,1460000
2/18/2010,13,1460000
2/19/2010,13,1460000
2/20/2010,13,1460000
2/21/2010,13,1460000
2/22/2010,13,1460000
2/23/2010,13,1460000
2/24/2010,13,1460000
2/25/2010,13,1460000
2/26/2010,13,1460000
2/27/2010,13,1460000
2/28/2010,13,1460000
3/1/2010,13,1460000
3/2/2010,13,1460000
3/3/2010,13,1460000
3/4/2010,13,1460000
3/5/2010,13,1460000
3/6/2010,13,1460000
3/7/2010,13,1460000
3/8/2010,13,1460000
3/9/2010,13,1460000
3/10/2010,13,1460000
3/11/2010,13,1460000
3/12/2010,13,1460000
3/13/2010,13,1460000
3/15/2010,13,1460000
3/16/2010,13,1460000
3/17/2010,13,1460000
3/18/2010,13,1460000
3/19/2010,13,1460000
3/20/2010,13,1460000
3/21/2010,13,1460000
3/22/2010,13,1460000
3/23/2010,13,1460000
3/24/2010,13,1460000
3/25/2010,13,1460000
3/26/2010,13,1460000
3/27/2010,13,1460000
3/28/2010,13,1460000
3/29/2010,13,1460000
3/30/2010,13,1460000
3/31/2010,13,1460000
4/1/2010,13,1460000
4/2/2010,13,1460000
4/3/2010,13,1460000
4/4/2010,13,1460000
4/5/2010,13,1460000
4/6/2010,13,1460000
4/7/2010,13,1460000
4/8/2010,13,1460000
4/9/2010,13,1460000
4/10/2010,13,1460000
4/11/2010,13,1460000
4/12/2010,13,1460000
4/13/2010,13,1460000
4/14/2010,13,1460000
4/15/2010,13,1460000
4/16/2010,13,1460000
4/17/2010,13,1460000
4/18/2010,13,1460000
4/19/2010,13,1460000
4/20/2010,13,1460000
4/21/2010,13,1460000
4/22/2010,13,1460000
4/23/2010,13,1460000
4/24/2010,13,1460000
4/25/2010,13,1460000
4/26/2010,13,1460000
4/27/2010,13,1460000
4/28/2010,13,1460000
4/29/2010,13,1460000
4/30/2010,13,1460000
5/1/2010,13,1460000
5/2/2010,13,1460000
5/3/2010,13,1460000
5/4/2010,13,1460000
5/5/2010,13,1460000
5/6/2010,13,1460000
5/7/2010,13,1460000
5/8/2010,13,1460000
5/9/2010,13,1460000
5/10/2010,13,1460000
5/11/2010,13,1460000
5/12/2010,13,1460000
5/13/2010,13,1460000
5/14/2010,13,1460000
5/15/2010,13,1460000
5/16/2010,13,1460000
5/17/2010,13,1460000
5/18/2010,13,1460000
5/19/2010,13,1460000
5/20/2010,13,1460000
5/21/2010,13,1460000
5/22/2010,13,1460000
5/23/2010,13,1460000
5/24/2010,13,1460000
5/25/2010,13,1460000
5/26/2010,13,1460000
5/27/2010,13,1460000
5/28/2010,13,1460000
5/29/2010,13,1460000
5/30/2010,13,1460000
5/31/2010,13,1460000
6/1/2010,13,1460000
6/2/2010,13,1460000
6/3/2010,13,1460000
6/4/2010,13,1460000
6/5/2010,13,1460000
6/6/2010,13,1460000
6/7/2010,13,1460000
6/8/2010,13,1460000
6/9/2010,13,1460000
6/10/2010,13,1460000
6/11/2010,13,1460000
6/12/2010,13,1460000
6/13/2010,13,1460000
6/14/2010,13,1460000
6/15/2010,13,1460000
6/16/2010,13,1460000
6/17/2010,12.9,1430000
6/18/2010,12.9,1430000
6/19/2010,12.9,1430000
6/20/2010,12.9,1430000
6/21/2010,12.9,1430000
6/22/2010,12.9,1430000
6/23/2010,12.9,1430000
6/24/2010,12.9,1430000
6/25/2010,12.9,1430000
6/26/2010,12.9,1430000
6/27/2010,12.8,1400000
6/28/2010,12.8,1400000
6/29/2010,12.8,1400000
6/30/2010,12.8,1400000
7/1/2010,12.8,1400000
7/2/2010,12.8,1400000
7/3/2010,12.8,1400000
7/4/2010,12.8,1400000
7/5/2010,12.8,1400000
7/6/2010,12.7,1380000
7/7/2010,12.7,1380000
7/8/2010,12.7,1380000
7/9/2010,12.7,1380000
7/10/2010,12.7,1380000
7/11/2010,12.7,1380000
7/12/2010,12.7,1380000
7/13/2010,12.7,1380000
7/14/2010,12.7,1380000
7/15/2010,12.7,1380000
7/16/2010,12.6,1350000
7/17/2010,12.6,1350000
7/18/2010,12.6,1350000
7/19/2010,12.6,1350000
7/20/2010,12.6,1350000
7/21/2010,12.6,1350000
7/22/2010,12.6,1350000
7/23/2010,12.6,1350000
7/24/2010,12.5,1320000
7/25/2010,12.5,1320000
7/26/2010,12.5,1320000
7/27/2010,12.5,1320000
7/28/2010,12.5,1320000
7/29/2010,12.5,1320000
7/30/2010,12.5,1320000
7/31/2010,12.4,1290000
8/1/2010,12.4,1290000
8/2/2010,12.4,1290000
8/3/2010,12.4,1290000
8/4/2010,12.4,1290000
8/5/2010,12.4,1290000
8/6/2010,12.4,1290000
8/7/2010,12.3,1260000
8/8/2010,12.3,1260000
8/9/2010,12.3,1260000
8/10/2010,12.3,1260000
8/11/2010,12.3,1260000
8/12/2010,12.2,1230000
8/13/2010,12.2,1230000
8/14/2010,12.2,1230000
8/15/2010,12.1,1200000
8/16/2010,12.1,1200000
8/17/2010,12,1180000
8/18/2010,12,1180000
8/19/2010,12,1180000
8/20/2010,11.9,1150000
8/21/2010,11.9,1150000
8/22/2010,11.9,1150000
8/23/2010,11.8,1120000
8/24/2010,11.8,1120000
8/25/2010,11.7,1090000
8/26/2010,11.7,1090000
8/27/2010,11.7,1090000
8/28/2010,11.6,1070000
8/29/2010,11.6,1070000
8/30/2010,11.6,1070000
8/31/2010,11.5,1040000
9/1/2010,11.5,1040000
9/2/2010,11.5,1040000
9/3/2010,11.4,1010000
9/4/2010,11.4,1010000
9/5/2010,11.3,984000
9/6/2010,11.3,984000
9/7/2010,11.3,984000
9/8/2010,11.2,957000
9/9/2010,11.2,957000
9/10/2010,11.2,957000
9/11/2010,11.1,930000
9/12/2010,11.1,930000
9/13/2010,11.1,930000
9/14/2010,11,902000
9/15/2010,11,902000
9/16/2010,10.9,880000
9/17/2010,10.9,880000
9/18/2010,10.9,880000
9/19/2010,10.8,859000
9/20/2010,10.8,859000
9/21/2010,10.8,859000
9/22/2010,10.7,838000
9/23/2010,10.7,838000
9/24/2010,10.6,817000
9/25/2010,10.6,817000
9/26/2010,10.6,817000
9/27/2010,10.5,797000
9/28/2010,10.5,797000
9/29/2010,10.5,797000
9/30/2010,10.5,797000
10/1/2010,10.5,797000
10/2/2010,10.5,797000
10/3/2010,10.5,797000
10/4/2010,10.4,777000
10/5/2010,10.4,777000
10/6/2010,10.4,777000
10/7/2010,10.4,777000
10/8/2010,10.4,777000
10/9/2010,10.4,777000
10/10/2010,10.4,777000
10/11/2010,10.4,777000
10/12/2010,10.4,777000
10/13/2010,10.4,777000
10/14/2010,10.3,756000
10/15/2010,10.3,756000
10/16/2010,10.3,756000
10/17/2010,10.3,756000
10/18/2010,10.3,756000
10/19/2010,10.3,756000
10/20/2010,10.3,756000
10/21/2010,10.3,756000
10/22/2010,10.3,756000
10/23/2010,10.3,756000
10/24/2010,10.2,737000
10/25/2010,10.2,737000
10/26/2010,10.2,737000
10/27/2010,10.2,737000
10/28/2010,10.2,737000
10/29/2010,10.2,737000
10/30/2010,10.2,737000
10/31/2010,10.2,737000
11/1/2010,10.2,737000
11/2/2010,10.2,737000
11/3/2010,10.2,737000
11/4/2010,10.2,737000
11/5/2010,10.1,717000
11/6/2010,10.1,717000
11/7/2010,10.1,717000
11/7/2010,10.1,717000
11/8/2010,10.1,717000
11/9/2010,10.1,717000
11/10/2010,10.1,717000
11/11/2010,10.1,717000
11/12/2010,10.1,717000
11/13/2010,10.1,717000
11/14/2010,10.1,717000
11/15/2010,10.1,717000
11/16/2010,10,696000
11/17/2010,10,696000
11/18/2010,10,696000
11/19/2010,10,696000
11/20/2010,10,696000
11/21/2010,10,696000
11/22/2010,10,696000
11/23/2010,10,696000
11/24/2010,10,696000
11/25/2010,10,696000
11/26/2010,10,696000
11/27/2010,10,696000
11/28/2010,10,696000
11/29/2010,10,696000
11/30/2010,10,696000
12/1/2010,10,696000
12/2/2010,10,696000
12/3/2010,10,696000
12/4/2010,10,696000
12/5/2010,10,696000
12/6/2010,10,696000
12/7/2010,10,696000
12/8/2010,10,696000
12/9/2010,10,696000
12/10/2010,10,696000
12/11/2010,10,696000
12/12/2010,10,696000
12/13/2010,10,696000
12/14/2010,10,696000
12/15/2010,10,696000
12/16/2010,10,696000
12/17/2010,10,696000
12/18/2010,10,696000
12/19/2010,10,696000
12/20/2010,10,696000
12/21/2010,10,696000
12/22/2010,10,696000
12/23/2010,10.1,717000
12/24/2010,10.1,717000
12/25/2010,10.1,717000
12/26/2010,10.1,717000
12/27/2010,10.1,717000
12/28/2010,10.1,717000
12/29/2010,10.1,717000
12/30/2010,10.1,717000
12/31/2010,10.1,717000
1/1/2011,10.1,717000
1/2/2011,10.1,717000
1/3/2011,10.1,717000
1/4/2011,10.2,737000
1/5/2011,10.2,737000
1/6/2011,10.2,737000
1/7/2011,10.2,737000
1/8/2011,10.2,737000
1/9/2011,10.2,737000
1/10/2011,10.2,737000
1/11/2011,10.2,737000
1/12/2011,10.2,737000
1/13/2011,10.2,737000
1/14/2011,10.2,737000
1/15/2011,10.2,737000
1/16/2011,10.3,756000
1/17/2011,10.3,756000
1/18/2011,10.3,756000
1/19/2011,10.3,756000
1/20/2011,10.3,756000
1/21/2011,10.3,756000
1/22/2011,10.3,756000
1/23/2011,10.3,756000
1/24/2011,10.3,756000
1/25/2011,10.3,756000
1/26/2011,10.3,756000
1/27/2011,10.4,777000
1/28/2011,10.4,777000
1/29/2011,10.4,777000
1/30/2011,10.4,777000
1/31/2011,10.4,777000
2/1/2011,10.4,777000
2/2/2011,10.4,777000
2/3/2011,10.4,777000
2/4/2011,10.5,797000
2/5/2011,10.5,797000
2/6/2011,10.5,797000
2/7/2011,10.5,797000
2/8/2011,10.5,797000
2/9/2011,10.5,797000
2/10/2011,10.5,797000
2/11/2011,10.5,797000
2/12/2011,10.6,817000
2/13/2011,10.6,817000
2/14/2011,10.6,817000
2/15/2011,10.6,817000
2/16/2011,10.6,817000
2/17/2011,10.6,817000
2/18/2011,10.7,838000
2/19/2011,10.7,838000
2/20/2011,10.7,838000
2/21/2011,10.7,838000
2/22/2011,10.8,859000
2/23/2011,10.8,859000
2/24/2011,10.8,859000
2/25/2011,10.8,859000
2/26/2011,10.8,859000
2/27/2011,10.9,880000
2/28/2011,10.9,880000
3/1/2011,10.9,880000
3/2/2011,10.9,880000
3/3/2011,11,902000
3/4/2011,11,902000
3/5/2011,11,902000
3/6/2011,11.1,930000
3/7/2011,11.1,930000
3/8/2011,11.1,930000
3/9/2011,11.1,930000
3/10/2011,11.2,957000
3/11/2011,11.2,957000
3/12/2011,11.2,957000
3/14/2011,11.2,957000
3/15/2011,11.2,957000
3/16/2011,11.3,984000
3/17/2011,11.3,984000
3/18/2011,11.3,984000
3/19/2011,11.3,984000
3/20/2011,11.4,1010000
3/21/2011,11.4,1010000
3/22/2011,11.4,1010000
3/23/2011,11.4,1010000
3/24/2011,11.5,1040000
3/25/2011,11.5,1040000
3/26/2011,11.5,1040000
3/27/2011,11.6,1070000
3/28/2011,11.6,1070000
3/29/2011,11.7,1090000
3/30/2011,11.7,1090000
3/31/2011,11.8,1120000
4/1/2011,11.8,1120000
4/2/2011,11.9,1150000
4/3/2011,11.9,1150000
4/4/2011,12,1180000
4/5/2011,12,1180000
4/6/2011,12.1,1200000
4/7/2011,12.1,1200000
4/8/2011,12.2,1230000
4/9/2011,12.2,1230000
4/10/2011,12.2,1230000
4/11/2011,12.3,1260000
4/12/2011,12.3,1260000
4/13/2011,12.4,1290000
4/14/2011,12.4,1290000
4/15/2011,12.5,1320000
4/16/2011,12.5,1320000
4/17/2011,12.6,1350000
4/18/2011,12.6,1350000
4/19/2011,12.7,1380000
4/20/2011,12.7,1380000
4/21/2011,12.8,1400000
4/22/2011,12.8,1400000
4/23/2011,12.8,1400000
4/24/2011,12.8,1400000
4/25/2011,12.8,1400000
4/26/2011,12.8,1400000
4/27/2011,12.8,1400000
4/28/2011,12.8,1400000
4/29/2011,12.9,1430000
4/30/2011,12.9,1430000
5/1/2011,12.9,1430000
5/2/2011,12.9,1430000
5/3/2011,12.9,1430000
5/4/2011,12.9,1430000
5/5/2011,12.9,1430000
5/6/2011,12.9,1430000
5/7/2011,12.9,1430000
5/8/2011,12.9,1430000
5/9/2011,12.9,1430000
5/10/2011,12.9,1430000
5/11/2011,12.9,1430000
5/12/2011,12.9,1430000
5/13/2011,12.9,1430000
5/14/2011,13,1460000
5/15/2011,13,1460000
5/16/2011,13,1460000
5/17/2011,13,1460000
5/18/2011,13,1460000
5/19/2011,13,1460000
5/20/2011,13,1460000
5/21/2011,13,1460000
5/22/2011,13,1460000
5/23/2011,13,1460000
5/24/2011,13,1460000
5/25/2011,13,1460000
5/26/2011,13,1460000
5/27/2011,13,1460000
5/28/2011,13,1460000
5/29/2011,13,1460000
5/30/2011,13,1460000
5/31/2011,13,1460000
6/1/2011,13,1460000
6/2/2011,13,1460000
6/3/2011,13,1460000
6/4/2011,13,1460000
6/5/2011,13,1460000
6/6/2011,13,1460000
6/7/2011,13,1460000
6/8/2011,13,1460000
6/9/2011,13,1460000
6/10/2011,13,1460000
6/11/2011,13,1460000
6/12/2011,12.9,1430000
6/13/2011,12.9,1430000
6/14/2011,12.9,1430000
6/15/2011,12.9,1430000
6/16/2011,12.9,1430000
6/17/2011,12.9,1430000
6/18/2011,12.9,1430000
6/19/2011,12.9,1430000
6/20/2011,12.9,1430000
6/21/2011,12.9,1430000
6/22/2011,12.9,1430000
6/23/2011,12.9,1430000
6/24/2011,12.9,1430000
6/25/2011,12.9,1430000
6/26/2011,12.9,1430000
6/27/2011,12.9,1430000
6/28/2011,12.8,1400000
6/29/2011,12.8,1400000
6/30/2011,12.8,1400000
7/1/2011,12.8,1400000
7/2/2011,12.8,1400000
7/3/2011,12.8,1400000
7/4/2011,12.8,1400000
7/5/2011,12.8,1400000
7/6/2011,12.8,1400000
7/7/2011,12.8,1400000
7/8/2011,12.8,1400000
7/9/2011,12.8,1400000
7/10/2011,12.8,1400000
7/11/2011,12.8,1400000
7/12/2011,12.8,1400000
7/13/2011,12.8,1400000
7/14/2011,12.8,1400000
7/15/2011,12.8,1400000
7/16/2011,12.8,1400000
7/17/2011,12.8,1400000
7/18/2011,12.8,1400000
7/19/2011,12.8,1400000
7/20/2011,12.7,1380000
7/21/2011,12.7,1380000
7/22/2011,12.7,1380000
7/23/2011,12.7,1380000
7/24/2011,12.7,1380000
7/25/2011,12.7,1380000
7/26/2011,12.7,1380000
7/27/2011,12.7,1380000
7/28/2011,12.7,1380000
7/29/2011,12.6,1350000
7/30/2011,12.6,1350000
7/31/2011,12.6,1350000
8/1/2011,12.6,1350000
8/2/2011,12.6,1350000
8/3/2011,12.6,1350000
8/4/2011,12.5,1320000
8/5/2011,12.5,1320000
8/6/2011,12.5,1320000
8/7/2011,12.5,1320000
8/8/2011,12.4,1290000
8/9/2011,12.4,1290000
8/10/2011,12.4,1290000
8/11/2011,12.4,1290000
8/12/2011,12.4,1290000
8/13/2011,12.4,1290000
8/14/2011,12.3,1260000
8/15/2011,12.3,1260000
8/16/2011,12.3,1260000
8/17/2011,12.3,1260000
8/18/2011,12.3,1260000
8/19/2011,12.3,1260000
8/20/2011,12.2,1230000
8/21/2011,12.2,1230000
8/22/2011,12.2,1230000
8/23/2011,12.2,1230000
8/24/2011,12.2,1230000
8/25/2011,12.2,1230000
8/26/2011,12.2,1230000
8/27/2011,12.1,1200000
8/28/2011,12.1,1200000
8/29/2011,12.1,1200000
8/30/2011,12.1,1200000
8/31/2011,12.1,1200000
9/1/2011,12.1,1200000
9/2/2011,12.2,1230000
9/3/2011,12.2,1230000
9/4/2011,12.2,1230000
9/5/2011,12.3,1260000
9/6/2011,12.3,1260000
9/7/2011,12.4,1290000
9/8/2011,12.4,1290000
9/9/2011,12.4,1290000
9/10/2011,12.4,1290000
9/11/2011,12.3,1260000
9/12/2011,12.3,1260000
9/13/2011,12.3,1260000
9/14/2011,12.3,1260000
9/15/2011,12.3,1260000
9/16/2011,12.3,1260000
9/17/2011,12.2,1230000
9/18/2011,12.2,1230000
9/19/2011,12.2,1230000
9/20/2011,12.2,1230000
9/21/2011,12.2,1230000
9/22/2011,12.2,1230000
9/23/2011,12.2,1230000
9/24/2011,12.1,1200000
9/25/2011,12.1,1200000
9/26/2011,12.1,1200000
9/27/2011,12,1180000
9/28/2011,12,1180000
9/29/2011,11.9,1150000
9/30/2011,11.9,1150000
10/1/2011,11.8,1120000
10/2/2011,11.8,1120000
10/3/2011,11.8,1120000
10/4/2011,11.7,1090000
10/5/2011,11.7,1090000
10/6/2011,11.7,1090000
10/7/2011,11.7,1090000
10/8/2011,11.7,1090000
10/9/2011,11.7,1090000
10/10/2011,11.7,1090000
10/11/2011,11.7,1090000
10/12/2011,11.7,1090000
10/13/2011,11.7,1090000
10/14/2011,11.7,1090000
10/15/2011,11.6,1070000
10/16/2011,11.6,1070000
10/17/2011,11.5,1040000
10/18/2011,11.5,1040000
10/19/2011,11.4,1010000
10/20/2011,11.4,1010000
10/21/2011,11.4,1010000
10/22/2011,11.3,984000
10/23/2011,11.3,984000
10/24/2011,11.2,957000
10/25/2011,11.2,957000
10/26/2011,11.1,930000
10/27/2011,11.1,930000
10/28/2011,11.1,930000
10/29/2011,11.1,930000
10/30/2011,11.1,930000
10/31/2011,11.1,930000
11/1/2011,11.2,957000
11/2/2011,11.2,957000
11/3/2011,11.2,957000
11/4/2011,11.2,957000
11/5/2011,11.2,957000
11/6/2011,11.2,957000
11/6/2011,11.2,957000
11/7/2011,11.2,957000
11/8/2011,11.3,984000
11/9/2011,11.3,984000
11/10/2011,11.3,984000
11/11/2011,11.3,984000
11/12/2011,11.3,984000
11/13/2011,11.3,984000
11/14/2011,11.3,984000
11/15/2011,11.3,984000
11/16/2011,11.4,1010000
11/17/2011,11.4,1010000
11/18/2011,11.4,1010000
11/19/2011,11.4,1010000
11/20/2011,11.4,1010000
11/21/2011,11.4,1010000
11/22/2011,11.4,1010000
11/23/2011,11.4,1010000
11/24/2011,11.5,1040000
11/25/2011,11.5,1040000
11/26/2011,11.5,1040000
11/27/2011,11.5,1040000
11/28/2011,11.5,1040000
11/29/2011,11.5,1040000
11/30/2011,11.5,1040000
12/1/2011,11.6,1070000
12/2/2011,11.6,1070000
12/3/2011,11.6,1070000
12/4/2011,11.6,1070000
12/5/2011,11.6,1070000
12/6/2011,11.7,1090000
12/7/2011,11.7,1090000
12/8/2011,11.7,1090000
12/9/2011,11.8,1120000
12/10/2011,11.8,1120000
12/11/2011,11.9,1150000
12/12/2011,12,1180000
12/13/2011,12.1,1200000
12/14/2011,12.1,1200000
12/15/2011,12.2,1230000
12/16/2011,12.2,1230000
12/17/2011,12.2,1230000
12/18/2011,12.2,1230000
12/19/2011,12.3,1260000
12/20/2011,12.3,1260000
12/21/2011,12.3,1260000
12/22/2011,12.3,1260000
12/23/2011,12.3,1260000
12/24/2011,12.3,1260000
12/25/2011,12.3,1260000
12/26/2011,12.4,1290000
12/27/2011,12.4,1290000
12/28/2011,12.4,1290000
12/29/2011,12.4,1290000
12/30/2011,12.4,1290000
12/31/2011,12.4,1290000
1/1/2012,12.4,1290000
1/2/2012,12.5,1320000
1/3/2012,12.5,1320000
1/4/2012,12.5,1320000
1/5/2012,12.5,1320000
1/6/2012,12.5,1320000
1/7/2012,12.5,1320000
1/8/2012,12.5,1320000
1/9/2012,12.6,1350000
1/10/2012,12.6,1350000
1/11/2012,12.6,1350000
1/12/2012,12.6,1350000
1/13/2012,12.6,1350000
1/14/2012,12.6,1350000
1/15/2012,12.6,1350000
1/16/2012,12.6,1350000
1/17/2012,12.7,1380000
1/18/2012,12.7,1380000
1/19/2012,12.7,1380000
1/20/2012,12.7,1380000
1/21/2012,12.7,1380000
1/22/2012,12.7,1380000
1/23/2012,12.7,1380000
1/24/2012,12.7,1380000
1/25/2012,12.7,1380000
1/26/2012,12.8,1400000
1/27/2012,12.8,1400000
1/28/2012,12.8,1400000
1/29/2012,12.8,1400000
1/30/2012,12.8,1400000
1/31/2012,12.8,1400000
2/1/2012,12.8,1400000
2/2/2012,12.8,1400000
2/3/2012,12.8,1400000
2/4/2012,12.9,1430000
2/5/2012,12.9,1430000
2/6/2012,12.9,1430000
2/7/2012,12.9,1430000
2/8/2012,12.9,1430000
2/9/2012,12.9,1430000
2/10/2012,12.9,1430000
2/11/2012,12.9,1430000
2/12/2012,13,1460000
2/13/2012,13,1460000
2/14/2012,13,1460000
2/15/2012,13,1460000
2/16/2012,13,1460000
2/17/2012,13,1460000
2/18/2012,13,1460000
2/19/2012,13,1460000
2/20/2012,13.1,1500000
2/21/2012,13.1,1500000
2/22/2012,13.1,1500000
2/23/2012,13.1,1500000
2/24/2012,13.1,1500000
2/25/2012,13.1,1500000
2/26/2012,13.1,1500000
2/27/2012,13.1,1500000
2/28/2012,13.1,1500000
2/29/2012,13.1,1500000
3/1/2012,13.1,1500000
3/2/2012,13.1,1500000
3/3/2012,13.1,1500000
3/4/2012,13.1,1500000
3/5/2012,13.1,1500000
3/6/2012,13.1,1500000
3/7/2012,13.1,1500000
3/8/2012,13.1,1500000
3/9/2012,13.1,1500000
3/10/2012,13.1,1500000
3/12/2012,13.1,1500000
3/13/2012,13.1,1500000
3/14/2012,13.1,1500000
3/15/2012,13.1,1500000
3/16/2012,13.1,1500000
3/17/2012,13.1,1500000
3/18/2012,13.1,1500000
3/19/2012,13.1,1500000
3/20/2012,13.1,1500000
3/21/2012,13.1,1500000
3/22/2012,13.1,1500000
3/23/2012,13.1,1500000
3/24/2012,13.1,1500000
3/25/2012,13.1,1500000
3/26/2012,13.1,1500000
3/27/2012,13.1,1500000
3/28/2012,13.1,1500000
3/29/2012,13.1,1500000
3/30/2012,13.1,1500000
3/31/2012,13.1,1500000
4/1/2012,13.1,1500000
4/2/2012,13.1,1500000
4/3/2012,13.1,1500000
4/4/2012,13.1,1500000
4/5/2012,13.1,1500000
4/6/2012,13.1,1500000
4/7/2012,13.1,1500000
4/8/2012,13.1,1500000
4/9/2012,13.1,1500000
4/10/2012,13.1,1500000
4/11/2012,13.1,1500000
4/12/2012,13.1,1500000
4/13/2012,13.1,1500000
4/14/2012,13.1,1500000
4/15/2012,13.1,1500000
4/16/2012,13.1,1500000
4/17/2012,13.1,1500000
4/18/2012,13.1,1500000
4/19/2012,13.1,1500000
4/20/2012,13.1,1500000
4/21/2012,13.1,1500000
4/22/2012,13.1,1500000
4/23/2012,13.1,1500000
4/24/2012,13.1,1500000
4/25/2012,13.1,1500000
4/26/2012,13.1,1500000
4/27/2012,13.1,1500000
4/28/2012,13.1,1500000
4/29/2012,13.1,1500000
4/30/2012,13.1,1500000
5/1/2012,13.1,1500000
5/2/2012,13.1,1500000
5/3/2012,13.1,1500000
5/4/2012,13.1,1500000
5/5/2012,13.1,1500000
5/6/2012,13.1,1500000
5/7/2012,13.1,1500000
5/8/2012,13.1,1500000
5/9/2012,13.1,1500000
5/10/2012,13.1,1500000
5/11/2012,13.1,1500000
5/12/2012,13.1,1500000
5/13/2012,13.1,1500000
5/14/2012,13.1,1500000
5/15/2012,13.1,1500000
5/16/2012,13.1,1500000
5/17/2012,13.1,1500000
5/18/2012,13.1,1500000
5/19/2012,13.1,1500000
5/20/2012,13.1,1500000
5/21/2012,13.1,1500000
5/22/2012,13.1,1500000
5/23/2012,13.1,1500000
5/24/2012,13.1,1500000
5/25/2012,13.1,1500000
5/26/2012,13.1,1500000
5/27/2012,13.1,1500000
5/28/2012,13.1,1500000
5/29/2012,13,1460000
5/30/2012,13,1460000
5/31/2012,13,1460000
6/1/2012,13,1460000
6/2/2012,13,1460000
6/3/2012,13,1460000
6/4/2012,13,1460000
6/5/2012,12.9,1430000
6/6/2012,12.9,1430000
6/7/2012,12.9,1430000
6/8/2012,12.9,1430000
6/9/2012,12.9,1430000
6/10/2012,12.9,1430000
6/11/2012,12.9,1430000
6/12/2012,12.9,1430000
6/13/2012,12.9,1430000
6/14/2012,12.9,1430000
6/15/2012,12.9,1430000
6/16/2012,12.9,1430000
6/17/2012,12.9,1430000
6/18/2012,12.9,1430000
6/19/2012,12.9,1430000
6/20/2012,12.9,1430000
6/21/2012,12.9,1430000
6/22/2012,12.9,1430000
6/23/2012,12.9,1430000
6/24/2012,12.8,1400000
6/25/2012,12.8,1400000
6/26/2012,12.8,1400000
6/27/2012,12.8,1400000
6/28/2012,12.8,1400000
6/29/2012,12.8,1400000
6/30/2012,12.8,1400000
7/1/2012,12.8,1400000
7/2/2012,12.7,1380000
7/3/2012,12.7,1380000
7/4/2012,12.7,1380000
7/5/2012,12.7,1380000
7/6/2012,12.7,1380000
7/7/2012,12.7,1380000
7/8/2012,12.7,1380000
7/9/2012,12.6,1350000
7/10/2012,12.6,1350000
7/11/2012,12.6,1350000
7/12/2012,12.6,1350000
7/13/2012,12.6,1350000
7/14/2012,12.6,1350000
7/15/2012,12.6,1350000
7/16/2012,12.6,1350000
7/17/2012,12.6,1350000
7/18/2012,12.6,1350000
7/19/2012,12.5,1320000
7/20/2012,12.5,1320000
7/21/2012,12.5,1320000
7/22/2012,12.5,1320000
7/23/2012,12.5,1320000
7/24/2012,12.5,1320000
7/25/2012,12.5,1320000
7/26/2012,12.5,1320000
7/27/2012,12.5,1320000
7/28/2012,12.5,1320000
7/29/2012,12.5,1320000
7/30/2012,12.5,1320000
7/31/2012,12.5,1320000
8/1/2012,12.5,1320000
8/2/2012,12.5,1320000
8/3/2012,12.5,1320000
8/4/2012,12.4,1290000
8/5/2012,12.4,1290000
8/6/2012,12.4,1290000
8/7/2012,12.4,1290000
8/8/2012,12.3,1260000
8/9/2012,12.3,1260000
8/10/2012,12.3,1260000
8/11/2012,12.3,1260000
8/12/2012,12.2,1230000
8/13/2012,12.2,1230000
8/14/2012,12.2,1230000
8/15/2012,12.2,1230000
8/16/2012,12.2,1230000
8/17/2012,12.2,1230000
8/18/2012,12.2,1230000
8/19/2012,12.2,1230000
8/20/2012,12.2,1230000
8/21/2012,12.1,1200000
8/22/2012,12.1,1200000
8/23/2012,12.1,1200000
8/24/2012,12.1,1200000
8/25/2012,12.1,1200000
8/26/2012,12.1,1200000
8/27/2012,12.1,1200000
8/28/2012,12.1,1200000
8/29/2012,12.1,1200000
8/30/2012,12.1,1200000
8/31/2012,12,1180000
9/1/2012,12,1180000
9/2/2012,12,1180000
9/3/2012,12,1180000
9/4/2012,11.9,1150000
9/5/2012,11.9,1150000
9/6/2012,11.9,1150000
9/7/2012,11.9,1150000
9/8/2012,11.8,1120000
9/9/2012,11.8,1120000
9/10/2012,11.8,1120000
9/11/2012,11.8,1120000
9/12/2012,11.8,1120000
9/13/2012,11.8,1120000
9/14/2012,11.8,1120000
9/15/2012,11.8,1120000
9/16/2012,11.8,1120000
9/17/2012,11.8,1120000
9/18/2012,11.8,1120000
9/19/2012,11.8,1120000
9/20/2012,11.8,1120000
9/21/2012,11.8,1120000
9/22/2012,11.8,1120000
9/23/2012,11.8,1120000
9/24/2012,11.7,1090000
9/25/2012,11.7,1090000
9/26/2012,11.7,1090000
9/27/2012,11.7,1090000
9/28/2012,11.7,1090000
9/29/2012,11.6,1070000
9/30/2012,11.6,1070000
10/1/2012,11.6,1070000
10/2/2012,11.6,1070000
10/3/2012,11.5,1040000
10/4/2012,11.5,1040000
10/5/2012,11.5,1040000
10/6/2012,11.5,1040000
10/7/2012,11.5,1040000
10/8/2012,11.5,1040000
10/9/2012,11.5,1040000
10/10/2012,11.5,1040000
10/11/2012,11.5,1040000
10/12/2012,11.5,1040000
10/13/2012,11.5,1040000
10/14/2012,11.5,1040000
10/15/2012,11.5,1040000
10/16/2012,11.5,1040000
10/17/2012,11.5,1040000
10/18/2012,11.5,1040000
10/19/2012,11.5,1040000
10/20/2012,11.5,1040000
10/21/2012,11.5,1040000
10/22/2012,11.5,1040000
10/23/2012,11.5,1040000
10/24/2012,11.5,1040000
10/25/2012,11.5,1040000
10/26/2012,11.5,1040000
10/27/2012,11.5,1040000
10/28/2012,11.5,1040000
10/29/2012,11.5,1040000
10/30/2012,11.6,1070000
10/31/2012,11.6,1070000
11/1/2012,11.6,1070000
11/2/2012,11.6,1070000
11/3/2012,11.6,1070000
11/4/2012,11.6,1070000
11/4/2012,11.6,1070000
11/5/2012,11.6,1070000
11/6/2012,11.6,1070000
11/7/2012,11.6,1070000
11/8/2012,11.6,1070000
11/9/2012,11.6,1070000
11/10/2012,11.6,1070000
11/11/2012,11.6,1070000
11/12/2012,11.6,1070000
11/13/2012,11.6,1070000
11/14/2012,11.6,1070000
11/15/2012,11.6,1070000
11/16/2012,11.6,1070000
11/17/2012,11.6,1070000
11/18/2012,11.6,1070000
11/19/2012,11.6,1070000
11/20/2012,11.6,1070000
11/21/2012,11.6,1070000
11/22/2012,11.6,1070000
11/23/2012,11.6,1070000
11/24/2012,11.6,1070000
11/25/2012,11.6,1070000
11/26/2012,11.6,1070000
11/27/2012,11.6,1070000
11/28/2012,11.6,1070000
11/29/2012,11.6,1070000
11/30/2012,11.6,1070000
12/1/2012,11.6,1070000
12/2/2012,11.6,1070000
12/3/2012,11.6,1070000
12/4/2012,11.6,1070000
12/5/2012,11.6,1070000
12/6/2012,11.6,1070000
12/7/2012,11.6,1070000
12/8/2012,11.6,1070000
12/9/2012,11.6,1070000
12/10/2012,11.6,1070000
12/11/2012,11.7,1090000
12/12/2012,11.7,1090000
12/13/2012,11.7,1090000
12/14/2012,11.7,1090000
12/15/2012,11.7,1090000
12/16/2012,11.7,1090000
12/17/2012,11.7,1090000
12/18/2012,11.7,1090000
12/19/2012,11.7,1090000
12/20/2012,11.7,1090000
12/21/2012,11.7,1090000
12/22/2012,11.7,1090000
12/23/2012,11.7,1090000
12/24/2012,11.8,1120000
12/25/2012,11.8,1120000
12/26/2012,11.8,1120000
12/27/2012,11.8,1120000
12/28/2012,11.8,1120000
12/29/2012,11.8,1120000
12/30/2012,11.8,1120000
12/31/2012,11.9,1150000
1/1/2013,11.9,1150000
1/2/2013,11.9,1150000
1/3/2013,11.9,1150000
1/4/2013,11.9,1150000
1/5/2013,11.9,1150000
1/6/2013,11.9,1150000
1/7/2013,12,1180000
1/8/2013,12,1180000
1/9/2013,12,1180000
1/10/2013,12,1180000
1/11/2013,12,1180000
1/12/2013,12,1180000
1/13/2013,12,1180000
1/14/2013,12.1,1200000
1/15/2013,12.1,1200000
1/16/2013,12.1,1200000
1/17/2013,12.1,1200000
1/18/2013,12.1,1200000
1/19/2013,12.2,1230000
1/20/2013,12.2,1230000
1/21/2013,12.2,1230000
1/22/2013,12.2,1230000
1/23/2013,12.3,1260000
1/24/2013,12.3,1260000
1/25/2013,12.3,1260000
1/26/2013,12.4,1290000
1/27/2013,12.4,1290000
1/28/2013,12.4,1290000
1/29/2013,12.4,1290000
1/30/2013,12.5,1320000
1/31/2013,12.5,1320000
2/1/2013,12.5,1320000
2/2/2013,12.5,1320000
2/3/2013,12.6,1350000
2/4/2013,12.6,1350000
2/5/2013,12.6,1350000
2/6/2013,12.6,1350000
2/7/2013,12.6,1350000
2/8/2013,12.6,1350000
2/9/2013,12.6,1350000
2/10/2013,12.7,1380000
2/11/2013,12.7,1380000
2/12/2013,12.7,1380000
2/13/2013,12.7,1380000
2/14/2013,12.7,1380000
2/15/2013,12.7,1380000
2/16/2013,12.7,1380000
2/17/2013,12.8,1400000
2/18/2013,12.8,1400000
2/19/2013,12.8,1400000
2/20/2013,12.8,1400000
2/21/2013,12.8,1400000
2/22/2013,12.8,1400000
2/23/2013,12.8,1400000
2/24/2013,12.8,1400000
2/25/2013,12.8,1400000
2/26/2013,12.9,1430000
2/27/2013,12.9,1430000
2/28/2013,12.9,1430000
3/1/2013,12.9,1430000
3/2/2013,12.9,1430000
3/3/2013,12.9,1430000
3/4/2013,12.9,1430000
3/5/2013,12.9,1430000
3/6/2013,13,1460000
3/7/2013,13,1460000
3/8/2013,13,1460000
3/9/2013,13,1460000
3/11/2013,13,1460000
3/12/2013,13,1460000
3/13/2013,13,1460000
3/14/2013,13,1460000
3/15/2013,13,1460000
3/16/2013,13,1460000
3/17/2013,13,1460000
3/18/2013,13,1460000
3/19/2013,13,1460000
3/20/2013,13,1460000
3/21/2013,13,1460000
3/22/2013,13,1460000
3/23/2013,13,1460000
3/24/2013,13,1460000
3/25/2013,13,1460000
3/26/2013,13,1460000
3/27/2013,13,1460000
3/28/2013,13,1460000
3/29/2013,13,1460000
3/30/2013,13,1460000
3/31/2013,13,1460000
4/1/2013,12.9,1430000
4/2/2013,12.9,1430000
4/3/2013,12.9,1430000
4/4/2013,12.9,1430000
4/5/2013,12.9,1430000
4/6/2013,12.9,1430000
4/7/2013,12.9,1430000
4/8/2013,12.9,1430000
4/9/2013,12.9,1430000
4/10/2013,12.9,1430000
4/11/2013,12.9,1430000
4/12/2013,12.9,1430000
4/13/2013,12.9,1430000
4/14/2013,12.9,1430000
4/15/2013,12.9,1430000
4/16/2013,12.9,1430000
4/17/2013,12.9,1430000
4/18/2013,12.9,1430000
4/19/2013,12.9,1430000
4/20/2013,12.9,1430000
4/21/2013,12.9,1430000
4/22/2013,12.9,1430000
4/23/2013,12.9,1430000
4/24/2013,12.9,1430000
4/25/2013,12.9,1430000
4/26/2013,12.9,1430000
4/27/2013,13,1460000
4/28/2013,13,1460000
4/29/2013,13,1460000
4/30/2013,13,1460000
5/1/2013,13,1460000
5/2/2013,13,1460000
5/3/2013,13,1460000
5/4/2013,13,1460000
5/5/2013,13,1460000
5/6/2013,13.1,1500000
5/7/2013,13.1,1500000
5/8/2013,13.1,1500000
5/9/2013,13.1,1500000
5/10/2013,13.1,1500000
5/11/2013,13.1,1500000
5/12/2013,13.1,1500000
5/13/2013,13.1,1500000
5/14/2013,13.1,1500000
5/15/2013,13.1,1500000
5/16/2013,13.1,1500000
5/17/2013,13.1,1500000
5/18/2013,13.1,1500000
5/19/2013,13.1,1500000
5/20/2013,13.1,1500000
5/21/2013,13.1,1500000
5/22/2013,13.1,1500000
5/23/2013,13.1,1500000
5/24/2013,13.1,1500000
5/25/2013,13.1,1500000
5/26/2013,13.1,1500000
5/27/2013,13.1,1500000
5/28/2013,13.1,1500000
5/29/2013,13.1,1500000
5/30/2013,13.1,1500000
5/31/2013,13.1,1500000
6/1/2013,13.1,1500000
6/2/2013,13.1,1500000
6/3/2013,13.1,1500000
6/4/2013,13.1,1500000
6/5/2013,13.1,1500000
6/6/2013,13.1,1500000
6/7/2013,13.1,1500000
6/8/2013,13.1,1500000
6/9/2013,13.1,1500000
6/10/2013,13.1,1500000
6/11/2013,13.1,1500000
6/12/2013,13.1,1500000
6/13/2013,13.1,1500000
6/14/2013,13.1,1500000
6/15/2013,13.1,1500000
6/16/2013,13.1,1500000
6/17/2013,13.1,1500000
6/18/2013,13.1,1500000
6/19/2013,13.1,1500000
6/20/2013,13.1,1500000
6/21/2013,13.1,1500000
6/22/2013,13.1,1500000
6/23/2013,13.1,1500000
6/24/2013,13.1,1500000
6/25/2013,13.1,1500000
6/26/2013,13.1,1500000
6/27/2013,13.1,1500000
6/28/2013,13.1,1500000
6/29/2013,13.1,1500000
6/30/2013,13.1,1500000
7/1/2013,13.1,1500000
7/2/2013,13.1,1500000
7/3/2013,13.1,1500000
7/4/2013,13.1,1500000
7/5/2013,13.1,1500000
7/6/2013,13.1,1500000
7/7/2013,13.1,1500000
7/8/2013,13.1,1500000
7/9/2013,13.1,1500000
7/10/2013,13.1,1500000
7/11/2013,13.1,1500000
7/12/2013,13.1,1500000
7/13/2013,13.1,1500000
7/14/2013,13.1,1500000
7/15/2013,13.1,1500000
7/16/2013,13.1,1500000
7/17/2013,13.1,1500000
7/18/2013,13.1,1500000
7/19/2013,13.1,1500000
7/20/2013,13.1,1500000
7/21/2013,13.1,1500000
7/22/2013,13.1,1500000
7/23/2013,13.1,1500000
7/24/2013,13.1,1500000
7/25/2013,13.1,1500000
7/26/2013,13.1,1500000
7/27/2013,13.1,1500000
7/28/2013,13.1,1500000
7/29/2013,13.1,1500000
7/30/2013,13.1,1500000
7/31/2013,13.1,1500000
8/1/2013,13.1,1500000
8/2/2013,13.1,1500000
8/3/2013,13.1,1500000
8/4/2013,13.1,1500000
8/5/2013,13.1,1500000
8/6/2013,13.1,1500000
8/7/2013,13.1,1500000
8/8/2013,13.1,1500000
8/9/2013,13.1,1500000
8/10/2013,13.1,1500000
8/11/2013,13.1,1500000
8/12/2013,13.1,1500000
8/13/2013,13.1,1500000
8/14/2013,13.1,1500000
8/15/2013,13.1,1500000
8/16/2013,13.1,1500000
8/17/2013,13.1,1500000
8/18/2013,13.1,1500000
8/19/2013,13.1,1500000
8/20/2013,13.1,1500000
8/21/2013,13.1,1500000
8/22/2013,13.1,1500000
8/23/2013,13.1,1500000
8/24/2013,13.1,1500000
8/25/2013,13.1,1500000
8/26/2013,13.1,1500000
8/27/2013,13.1,1500000
8/28/2013,13.1,1500000
8/29/2013,13.1,1500000
8/30/2013,13.1,1500000
8/31/2013,13.1,1500000
9/1/2013,13.1,1500000
9/2/2013,13.1,1500000
9/3/2013,13.1,1500000
9/4/2013,13.1,1500000
9/5/2013,13,1460000
9/6/2013,13,1460000
9/7/2013,13,1460000
9/8/2013,13,1460000
9/9/2013,13,1460000
9/10/2013,13,1460000
9/11/2013,13,1460000
9/12/2013,13,1460000
9/13/2013,13,1460000
9/14/2013,13,1460000
9/15/2013,13,1460000
9/16/2013,13,1460000
9/17/2013,13,1460000
9/18/2013,13,1460000
9/19/2013,13,1460000
9/20/2013,13,1460000
9/21/2013,13,1460000
9/22/2013,13,1460000
9/23/2013,13,1460000
9/24/2013,13,1460000
9/25/2013,13,1460000
9/26/2013,13,1460000
9/27/2013,13,1460000
9/28/2013,13,1460000
9/29/2013,13,1460000
9/30/2013,13,1460000
10/1/2013,13,1460000
10/2/2013,13,1460000
10/3/2013,13,1460000
10/4/2013,13,1460000
10/5/2013,13,1460000
10/6/2013,13,1460000
10/7/2013,13,1460000
10/8/2013,13,1460000
10/9/2013,13,1460000
10/10/2013,13,1460000
10/11/2013,13,1460000
10/12/2013,13,1460000
10/13/2013,13,1460000
10/14/2013,13,1460000
10/15/2013,13,1460000
10/16/2013,13,1460000
10/17/2013,13,1460000
10/18/2013,13,1460000
10/19/2013,13,1460000
10/20/2013,13,1460000
10/21/2013,13,1460000
10/22/2013,13,1460000
10/23/2013,13,1460000
10/24/2013,13,1460000
10/25/2013,13,1460000
10/26/2013,13,1460000
10/27/2013,13,1460000
10/28/2013,12.9,1430000
10/29/2013,12.9,1430000
10/30/2013,12.9,1430000
10/31/2013,12.9,1430000
11/1/2013,12.9,1430000
11/2/2013,12.9,1430000
11/3/2013,12.9,1430000
11/3/2013,12.9,1430000
11/4/2013,12.9,1430000
11/5/2013,12.9,1430000
11/6/2013,12.9,1430000
11/7/2013,12.9,1430000
11/8/2013,12.9,1430000
11/9/2013,12.9,1430000
11/10/2013,12.9,1430000
11/11/2013,12.9,1430000
11/12/2013,12.9,1430000
11/13/2013,12.9,1430000
11/14/2013,12.9,1430000
11/15/2013,12.9,1430000
11/16/2013,12.9,1430000
11/17/2013,12.9,1430000
11/18/2013,12.9,1430000
11/19/2013,12.9,1430000
11/20/2013,12.9,1430000
11/21/2013,12.9,1430000
11/22/2013,12.9,1430000
11/23/2013,12.9,1430000
11/24/2013,12.9,1430000
11/25/2013,12.9,1430000
11/26/2013,12.9,1430000
11/27/2013,12.9,1430000
11/28/2013,12.9,1430000
11/29/2013,12.9,1430000
11/30/2013,12.9,1430000
12/1/2013,12.9,1430000
12/2/2013,12.9,1430000
12/3/2013,12.9,1430000
12/4/2013,12.9,1430000
12/5/2013,12.9,1430000
12/6/2013,12.9,1430000
12/7/2013,12.9,1430000
12/8/2013,12.9,1430000
12/9/2013,12.9,1430000
12/10/2013,12.9,1430000
12/11/2013,12.9,1430000
12/12/2013,12.9,1430000
12/13/2013,13,1460000
12/14/2013,13,1460000
12/15/2013,13,1460000
12/16/2013,13,1460000
12/17/2013,13,1460000
12/18/2013,13,1460000
12/19/2013,13,1460000
12/20/2013,13,1460000
12/21/2013,13,1460000
12/22/2013,13,1460000
12/23/2013,13,1460000
12/24/2013,13,1460000
12/25/2013,13,1460000
12/26/2013,13,1460000
12/27/2013,13,1460000
12/28/2013,13,1460000
12/29/2013,13,1460000
12/30/2013,13,1460000
12/31/2013,13,1460000
1/1/2014,13,1460000
1/2/2014,13,1460000
1/3/2014,13,1460000
1/4/2014,13,1460000
1/5/2014,13,1460000
1/6/2014,13.1,1500000
1/7/2014,13.1,1500000
1/8/2014,13.1,1500000
1/9/2014,13.1,1500000
1/10/2014,13.1,1500000
1/11/2014,13.1,1500000
1/12/2014,13.1,1500000
1/13/2014,13.1,1500000
1/14/2014,13.1,1500000
1/15/2014,13.1,1500000
1/16/2014,13.1,1500000
1/17/2014,13.1,1500000
1/18/2014,13.1,1500000
1/19/2014,13.1,1500000
1/20/2014,13.1,1500000
1/21/2014,13.1,1500000
1/22/2014,13.1,1500000
1/23/2014,13.1,1500000
1/24/2014,13.1,1500000
1/25/2014,13.1,1500000
1/26/2014,13.1,1500000
1/27/2014,13.1,1500000
1/28/2014,13.1,1500000
1/29/2014,13.1,1500000
1/30/2014,13.1,1500000
1/31/2014,13.1,1500000
2/1/2014,13.1,1500000
2/2/2014,13.1,1500000
2/3/2014,13.1,1500000
2/4/2014,13.1,1500000
2/5/2014,13.1,1500000
2/6/2014,13.1,1500000
2/7/2014,13.1,1500000
2/8/2014,13.1,1500000
2/9/2014,13.1,1500000
2/10/2014,13.1,1500000
2/11/2014,13.1,1500000
2/12/2014,13.1,1500000
2/13/2014,13.1,1500000
2/14/2014,13.1,1500000
2/15/2014,13.1,1500000
2/16/2014,13.1,1500000
2/17/2014,13.1,1500000
2/18/2014,13.1,1500000
2/19/2014,13.1,1500000
2/20/2014,13.1,1500000
2/21/2014,13.1,1500000
2/22/2014,13.1,1500000
2/23/2014,13.1,1500000
2/24/2014,13.1,1500000
2/25/2014,13.1,1500000
2/26/2014,13.1,1500000
2/27/2014,13.1,1500000
2/28/2014,13.1,1500000
3/1/2014,13.1,1500000
3/2/2014,13.1,1500000
3/3/2014,13.1,1500000
3/4/2014,13.1,1500000
3/5/2014,13.1,1500000
3/6/2014,13.1,1500000
3/7/2014,13.1,1500000
3/8/2014,13.1,1500000
3/10/2014,13.1,1500000
3/11/2014,13.1,1500000
3/12/2014,13.1,1500000
3/13/2014,13.1,1500000
3/14/2014,13.1,1500000
3/15/2014,13.1,1500000
3/16/2014,13.1,1500000
3/17/2014,13.1,1500000
3/18/2014,13.1,1500000
3/19/2014,13.1,1500000
3/20/2014,13.1,1500000
3/21/2014,13.1,1500000
3/22/2014,13.1,1500000
3/23/2014,13.1,1500000
3/24/2014,13.1,1500000
3/25/2014,13.1,1500000
3/26/2014,13.1,1500000
3/27/2014,13.1,1500000
3/28/2014,13.1,1500000
3/29/2014,13.1,1500000
3/30/2014,13.1,1500000
3/31/2014,13.1,1500000
4/1/2014,13.1,1500000
4/2/2014,13.1,1500000
4/3/2014,13.1,1500000
4/4/2014,13.1,1500000
4/5/2014,13.1,1500000
4/6/2014,13.1,1500000
4/7/2014,13.1,1500000
4/8/2014,13.1,1500000
4/9/2014,13.1,1500000
4/10/2014,13.1,1500000
4/11/2014,13.1,1500000
4/12/2014,13.1,1500000
4/13/2014,13.1,1500000
4/14/2014,13.1,1500000
4/15/2014,13.1,1500000
4/16/2014,13.1,1500000
4/17/2014,13.1,1500000
4/18/2014,13.1,1500000
4/19/2014,13.1,1500000
4/20/2014,13.1,1500000
4/21/2014,13.1,1500000
4/22/2014,13.1,1500000
4/23/2014,13.1,1500000
4/24/2014,13.1,1500000
4/25/2014,13.1,1500000
4/26/2014,13.1,1500000
4/27/2014,13.1,1500000
4/28/2014,13.1,1500000
4/29/2014,13.1,1500000
4/30/2014,13.1,1500000
5/1/2014,13.1,1500000
5/2/2014,13.1,1500000
5/3/2014,13.1,1500000
5/4/2014,13,1460000
5/5/2014,13,1460000
5/6/2014,13,1460000
5/7/2014,13,1460000
5/8/2014,13,1460000
5/9/2014,13,1460000
5/10/2014,12.9,1430000
5/11/2014,12.9,1430000
5/12/2014,12.9,1430000
5/13/2014,12.9,1430000
5/14/2014,12.9,1430000
5/15/2014,12.9,1430000
5/16/2014,12.9,1430000
5/17/2014,12.9,1430000
5/18/2014,12.9,1430000
5/19/2014,12.9,1430000
5/20/2014,12.9,1430000
5/21/2014,12.9,1430000
5/22/2014,12.9,1430000
5/23/2014,12.9,1430000
5/24/2014,12.9,1430000
5/25/2014,12.9,1430000
5/26/2014,12.9,1430000
5/27/2014,12.9,1430000
5/28/2014,12.8,1400000
5/29/2014,12.8,1400000
5/30/2014,12.7,1380000
5/31/2014,12.7,1380000
6/1/2014,12.6,1350000
6/2/2014,12.6,1350000
6/3/2014,12.6,1350000
6/4/2014,12.6,1350000
6/5/2014,12.6,1350000
6/6/2014,12.6,1350000
6/7/2014,12.6,1350000
6/8/2014,12.5,1320000
6/9/2014,12.5,1320000
6/10/2014,12.5,1320000
6/11/2014,12.5,1320000
6/12/2014,12.6,1350000
6/13/2014,12.6,1350000
6/14/2014,12.6,1350000
6/15/2014,12.6,1350000
6/16/2014,12.5,1320000
6/17/2014,12.5,1320000
6/18/2014,12.5,1320000
6/19/2014,12.5,1320000
6/20/2014,12.4,1290000
6/21/2014,12.4,1290000
6/22/2014,12.4,1290000
6/23/2014,12.3,1260000
6/24/2014,12.3,1260000
6/25/2014,12.3,1260000
6/26/2014,12.2,1230000
6/27/2014,12.2,1230000
6/28/2014,12.2,1230000
6/29/2014,12.2,1230000
6/30/2014,12.1,1200000
7/1/2014,12.1,1200000
7/2/2014,12.1,1200000
7/3/2014,12.1,1200000
7/4/2014,12.1,1200000
7/5/2014,12.1,1200000
7/6/2014,12,1180000
7/7/2014,12,1180000
7/8/2014,12,1180000
7/9/2014,12,1180000
7/10/2014,12,1180000
7/11/2014,11.9,1150000
7/12/2014,11.9,1150000
7/13/2014,11.9,1150000
7/14/2014,11.9,1150000
7/15/2014,11.9,1150000
7/16/2014,11.8,1120000
7/17/2014,11.8,1120000
7/18/2014,11.8,1120000
7/19/2014,11.8,1120000
7/20/2014,11.7,1090000
7/21/2014,11.7,1090000
7/22/2014,11.7,1090000
7/23/2014,11.7,1090000
7/24/2014,11.7,1090000
7/25/2014,11.7,1090000
7/26/2014,11.6,1070000
7/27/2014,11.6,1070000
7/28/2014,11.6,1070000
7/29/2014,11.6,1070000
7/30/2014,11.6,1070000
7/31/2014,11.6,1070000
8/1/2014,11.5,1040000
8/2/2014,11.5,1040000
8/3/2014,11.5,1040000
8/4/2014,11.4,1010000
8/5/2014,11.4,1010000
8/6/2014,11.4,1010000
8/7/2014,11.4,1010000
8/8/2014,11.4,1010000
8/9/2014,11.4,1010000
8/10/2014,11.4,1010000
8/11/2014,11.4,1010000
8/12/2014,11.4,1010000
8/13/2014,11.4,1010000
8/14/2014,11.4,1010000
8/15/2014,11.4,1010000
8/16/2014,11.4,1010000
8/17/2014,11.4,1010000
8/18/2014,11.4,1010000
8/19/2014,11.3,984000
8/20/2014,11.3,984000
8/21/2014,11.3,984000
8/22/2014,11.3,984000
8/23/2014,11.3,984000
8/24/2014,11.3,984000
8/25/2014,11.3,984000
8/26/2014,11.3,984000
8/27/2014,11.3,984000
8/28/2014,11.3,984000
8/29/2014,11.3,984000
8/30/2014,11.3,984000
8/31/2014,11.3,984000
9/1/2014,11.3,984000
9/2/2014,11.3,984000
9/3/2014,11.3,984000
9/4/2014,11.3,984000
9/5/2014,11.3,984000
9/6/2014,11.3,984000
9/7/2014,11.3,984000
9/8/2014,11.3,984000
9/9/2014,11.3,984000
9/10/2014,11.2,957000
9/11/2014,11.2,957000
9/12/2014,11.2,957000
9/13/2014,11.2,957000
9/14/2014,11.2,957000
9/15/2014,11.2,957000
9/16/2014,11.2,957000
9/17/2014,11.2,957000
9/18/2014,11.2,957000
9/19/2014,11.2,957000
9/20/2014,11.2,957000
9/21/2014,11.2,957000
9/22/2014,11.2,957000
9/23/2014,11.2,957000
9/24/2014,11.2,957000
9/25/2014,11.2,957000
9/26/2014,11.2,957000
9/27/2014,11.2,957000
9/28/2014,11.2,957000
9/29/2014,11.2,957000
9/30/2014,11.2,957000
10/1/2014,11.2,957000
10/2/2014,11.2,957000
10/3/2014,11.2,957000
10/4/2014,11.2,957000
10/5/2014,11.2,957000
10/6/2014,11.2,957000
10/7/2014,11.2,957000
10/8/2014,11.2,957000
10/9/2014,11.2,957000
10/10/2014,11.2,957000
10/11/2014,11.2,957000
10/12/2014,11.2,957000
10/13/2014,11.2,957000
10/14/2014,11.2,957000
10/15/2014,11.2,957000
10/16/2014,11.2,957000
10/17/2014,11.2,957000
10/18/2014,11.2,957000
10/19/2014,11.2,957000
10/20/2014,11.2,957000
10/21/2014,11.2,957000
10/22/2014,11.2,957000
10/23/2014,11.2,957000
10/24/2014,11.2,957000
10/25/2014,11.2,957000
10/26/2014,11.2,957000
10/27/2014,11.2,957000
10/28/2014,11.2,957000
10/29/2014,11.2,957000
10/30/2014,11.2,957000
10/31/2014,11.2,957000
11/1/2014,11.2,957000
11/2/2014,11.2,957000
11/2/2014,11.2,957000
11/3/2014,11.2,957000
11/4/2014,11.2,957000
11/5/2014,11.2,957000
11/6/2014,11.2,957000
11/7/2014,11.2,957000
11/8/2014,11.2,957000
11/9/2014,11.1,930000
11/10/2014,11.1,930000
11/11/2014,11.1,930000
11/12/2014,11.1,930000
11/13/2014,11.1,930000
11/14/2014,11.1,930000
11/15/2014,11.1,930000
11/16/2014,11.1,930000
11/17/2014,11.1,930000
11/18/2014,11.1,930000
11/19/2014,11.1,930000
11/20/2014,11.1,930000
11/21/2014,11.1,930000
11/22/2014,11.1,930000
11/23/2014,11.1,930000
11/24/2014,11.1,930000
11/25/2014,11.1,930000
11/26/2014,11.1,930000
11/27/2014,11.1,930000
11/28/2014,11.1,930000
11/29/2014,11.2,957000
11/30/2014,11.2,957000
12/1/2014,11.2,957000
12/2/2014,11.2,957000
12/3/2014,11.2,957000
12/4/2014,11.2,957000
12/5/2014,11.2,957000
12/6/2014,11.2,957000
12/7/2014,11.2,957000
12/8/2014,11.2,957000
12/9/2014,11.2,957000
12/10/2014,11.2,957000
12/11/2014,11.2,957000
12/12/2014,11.1,930000
12/13/2014,11.1,930000
12/14/2014,11.1,930000
12/15/2014,11.1,930000
12/16/2014,11.1,930000
12/17/2014,11.1,930000
12/18/2014,11.1,930000
12/19/2014,11.1,930000
12/20/2014,11.1,930000
12/21/2014,11.1,930000
12/22/2014,11.1,930000
12/23/2014,11.1,930000
12/24/2014,11.1,930000
12/25/2014,11.1,930000
12/26/2014,11.1,930000
12/27/2014,11.1,930000
12/28/2014,11.1,930000
12/29/2014,11.1,930000
12/30/2014,11.1,930000
12/31/2014,11.1,930000
1/1/2015,11.1,930000
1/2/2015,11.1,930000
1/3/2015,11.1,930000
1/4/2015,11.1,930000
1/5/2015,11.1,930000
1/6/2015,11.1,930000
1/7/2015,11.1,930000
1/8/2015,11.1,930000
1/9/2015,11.1,930000
1/10/2015,11.1,930000
1/11/2015,11.1,930000
1/12/2015,11.1,930000
1/13/2015,11.1,930000
1/14/2015,11.1,930000
1/15/2015,11.1,930000
1/16/2015,11.1,930000
1/17/2015,11.1,930000
1/18/2015,11.1,930000
1/19/2015,11.1,930000
1/20/2015,11.1,930000
1/21/2015,11.1,930000
1/22/2015,11.1,930000
1/23/2015,11.1,930000
1/24/2015,11.1,930000
1/25/2015,11.1,930000
1/26/2015,11.1,930000
1/27/2015,11.1,930000
1/28/2015,11.1,930000
1/29/2015,11.1,930000
1/30/2015,11.1,930000
1/31/2015,11.1,930000
2/1/2015,11.1,930000
2/2/2015,11.1,930000
2/3/2015,11.1,930000
2/4/2015,11.1,930000
2/5/2015,11.1,930000
2/6/2015,11.1,930000
2/7/2015,11.1,930000
2/8/2015,11.1,930000
2/9/2015,11.1,930000
2/10/2015,11.1,930000
2/11/2015,11.1,930000
2/12/2015,11.1,930000
2/13/2015,11.1,930000
2/14/2015,11.1,930000
2/15/2015,11.1,930000
2/16/2015,11.1,930000
2/17/2015,11.1,930000
2/18/2015,11.2,957000
2/19/2015,11.2,957000
2/20/2015,11.2,957000
2/21/2015,11.2,957000
2/22/2015,11.2,957000
2/23/2015,11.2,957000
2/24/2015,11.2,957000
2/25/2015,11.2,957000
2/26/2015,11.2,957000
2/27/2015,11.2,957000
2/28/2015,11.2,957000
3/1/2015,11.2,957000
3/2/2015,11.2,957000
3/3/2015,11.3,984000
3/4/2015,11.3,984000
3/5/2015,11.3,984000
3/6/2015,11.3,984000
3/7/2015,11.3,984000
3/9/2015,11.3,984000
3/10/2015,11.3,984000
3/11/2015,11.3,984000
3/12/2015,11.3,984000
3/13/2015,11.3,984000
3/14/2015,11.2,957000
3/15/2015,11.2,957000
3/16/2015,11.2,957000
3/17/2015,11.2,957000
3/18/2015,11.2,957000
3/19/2015,11.2,957000
3/20/2015,11.2,957000
3/21/2015,11.2,957000
3/22/2015,11.2,957000
3/23/2015,11.2,957000
3/24/2015,11.2,957000
3/25/2015,11.2,957000
3/26/2015,11.2,957000
3/27/2015,11.2,957000
3/28/2015,11.2,957000
3/29/2015,11.2,957000
3/30/2015,11.2,957000
3/31/2015,11.1,930000
4/1/2015,11.1,930000
4/2/2015,11.1,930000
4/3/2015,11.1,930000
4/4/2015,11.1,930000
4/5/2015,11.1,930000
4/6/2015,11.2,957000
4/7/2015,11.2,957000
4/8/2015,11.2,957000
4/9/2015,11.2,957000
4/10/2015,11.2,957000
4/11/2015,11.2,957000
4/12/2015,11.3,984000
4/13/2015,11.3,984000
4/14/2015,11.3,984000
4/15/2015,11.3,984000
4/16/2015,11.3,984000
4/17/2015,11.3,984000
4/18/2015,11.4,1010000
4/19/2015,11.4,1010000
4/20/2015,11.4,1010000
4/21/2015,11.4,1010000
4/22/2015,11.4,1010000
4/23/2015,11.3,984000
4/24/2015,11.3,984000
4/25/2015,11.3,984000
4/26/2015,11.3,984000
4/27/2015,11.3,984000
4/28/2015,11.3,984000
4/29/2015,11.2,957000
4/30/2015,11.2,957000
5/1/2015,11.2,957000
5/2/2015,11.2,957000
5/3/2015,11.2,957000
5/4/2015,11.2,957000
5/5/2015,11.2,957000
5/6/2015,11.2,957000
5/7/2015,11.2,957000
5/8/2015,11.2,957000
5/9/2015,11.2,957000
5/10/2015,11.2,957000
5/11/2015,11.2,957000
5/12/2015,11.2,957000
5/13/2015,11.2,957000
5/14/2015,11.2,957000
5/15/2015,11.2,957000
5/16/2015,11.2,957000
5/17/2015,11.2,957000
5/18/2015,11.2,957000
5/19/2015,11.2,957000
5/20/2015,11.2,957000
5/21/2015,11.3,984000
5/22/2015,11.3,984000
5/23/2015,11.3,984000
5/24/2015,11.3,984000
5/25/2015,11.3,984000
5/26/2015,11.3,984000
5/27/2015,11.3,984000
5/28/2015,11.3,984000
5/29/2015,11.3,984000
5/30/2015,11.3,984000
5/31/2015,11.2,957000
6/1/2015,11.2,957000
6/2/2015,11.2,957000
6/3/2015,11.2,957000
6/4/2015,11.2,957000
6/5/2015,11.2,957000
6/6/2015,11.2,957000
6/7/2015,11.2,957000
6/8/2015,11.1,930000
6/9/2015,11.1,930000
6/10/2015,11.1,930000
6/11/2015,11.1,930000
6/12/2015,11.1,930000
6/13/2015,11.1,930000
6/14/2015,11.1,930000
6/15/2015,11.2,957000
6/16/2015,11.2,957000
6/17/2015,11.2,957000
6/18/2015,11.2,957000
6/19/2015,11.2,957000
6/20/2015,11.2,957000
6/21/2015,11.1,930000
6/22/2015,11.1,930000
6/23/2015,11.1,930000
6/24/2015,11.1,930000
6/25/2015,11.1,930000
6/26/2015,11.2,957000
6/27/2015,11.2,957000
6/28/2015,11.2,957000
6/29/2015,11.2,957000
6/30/2015,11.2,957000
7/1/2015,11.3,984000
7/2/2015,11.3,984000
7/3/2015,11.3,984000
7/4/2015,11.3,984000
7/5/2015,11.2,957000
7/6/2015,11.2,957000
7/7/2015,11.2,957000
7/8/2015,11.2,957000
7/9/2015,11.2,957000
7/10/2015,11.2,957000
7/11/2015,11.2,957000
7/12/2015,11.2,957000
7/13/2015,11.2,957000
7/14/2015,11.2,957000
7/15/2015,11.3,984000
7/16/2015,11.3,984000
7/17/2015,11.3,984000
7/18/2015,11.3,984000
7/19/2015,11.3,984000
7/20/2015,11.3,984000
7/21/2015,11.3,984000
7/22/2015,11.3,984000
7/23/2015,11.3,984000
7/24/2015,11.3,984000
7/25/2015,11.2,957000
7/26/2015,11.2,957000
7/27/2015,11.2,957000
7/28/2015,11.2,957000
7/29/2015,11.2,957000
7/30/2015,11.2,957000
7/31/2015,11.2,957000
8/1/2015,11.2,957000
8/2/2015,11.2,957000
8/3/2015,11.2,957000
8/4/2015,11.2,957000
8/5/2015,11.2,957000
8/6/2015,11.2,957000
8/7/2015,11.2,957000
8/8/2015,11.2,957000
8/9/2015,11.2,957000
8/10/2015,11.2,957000
8/11/2015,11.2,957000
8/12/2015,11.2,957000
8/13/2015,11.2,957000
8/14/2015,11.2,957000
8/15/2015,11.2,957000
8/16/2015,11.1,930000
8/17/2015,11.1,930000
8/18/2015,11.1,930000
8/19/2015,11.1,930000
8/20/2015,11.1,930000
8/21/2015,11.1,930000
8/22/2015,11.1,930000
8/23/2015,11.1,930000
8/24/2015,11.1,930000
8/25/2015,11.1,930000
8/26/2015,11.1,930000
8/27/2015,11.1,930000
8/28/2015,11.1,930000
8/29/2015,11.1,930000
8/30/2015,11.1,930000
8/31/2015,11.1,930000
9/1/2015,11.1,930000
9/2/2015,11.1,930000
9/3/2015,11.1,930000
9/4/2015,11.1,930000
9/5/2015,11.1,930000
9/6/2015,11.1,930000
9/7/2015,11.1,930000
9/8/2015,11.1,930000
9/9/2015,11.1,930000
9/10/2015,11.1,930000
9/11/2015,11.1,930000
9/12/2015,11.1,930000
9/13/2015,11.1,930000
9/14/2015,11.1,930000
9/15/2015,11.1,930000
9/16/2015,11.1,930000
9/17/2015,11.2,957000
9/18/2015,11.2,957000
9/19/2015,11.2,957000
9/20/2015,11.2,957000
9/21/2015,11.2,957000
9/22/2015,11.2,957000
9/23/2015,11.2,957000
9/24/2015,11.2,957000
9/25/2015,11.2,957000
9/26/2015,11.2,957000
9/27/2015,11.2,957000
9/28/2015,11.2,957000
9/29/2015,11.3,984000
9/30/2015,11.3,984000
10/1/2015,11.4,1010000
10/2/2015,11.5,1040000
10/3/2015,11.5,1040000
10/4/2015,11.6,1070000
10/5/2015,11.6,1070000
10/6/2015,11.6,1070000
10/7/2015,11.6,1070000
10/8/2015,11.6,1070000
10/9/2015,11.6,1070000
10/10/2015,11.6,1070000
10/11/2015,11.5,1040000
10/12/2015,11.5,1040000
10/13/2015,11.5,1040000
10/14/2015,11.5,1040000
10/15/2015,11.4,1010000
10/16/2015,11.4,1010000
10/17/2015,11.4,1010000
10/18/2015,11.4,1010000
10/19/2015,11.4,1010000
10/20/2015,11.3,984000
10/21/2015,11.3,984000
10/22/2015,11.3,984000
10/23/2015,11.3,984000
10/24/2015,11.3,984000
10/25/2015,11.3,984000
10/26/2015,11.4,1010000
10/27/2015,11.4,1010000
10/28/2015,11.4,1010000
10/29/2015,11.4,1010000
10/30/2015,11.4,1010000
10/31/2015,11.4,1010000
11/1/2015,11.4,1010000
11/1/2015,11.3,984000
11/2/2015,11.3,984000
11/3/2015,11.3,984000
11/4/2015,11.3,984000
11/5/2015,11.3,984000
11/6/2015,11.3,984000
11/7/2015,11.2,957000
11/8/2015,11.2,957000
11/9/2015,11.2,957000
11/10/2015,11.2,957000
11/11/2015,11.2,957000
11/12/2015,11.2,957000
11/13/2015,11.2,957000
11/14/2015,11.3,984000
11/15/2015,11.3,984000
11/16/2015,11.3,984000
11/17/2015,11.3,984000
11/18/2015,11.3,984000
11/19/2015,11.3,984000
11/20/2015,11.3,984000
11/21/2015,11.3,984000
11/22/2015,11.3,984000
11/23/2015,11.3,984000
11/24/2015,11.3,984000
11/25/2015,11.3,984000
11/26/2015,11.3,984000
11/27/2015,11.3,984000
11/28/2015,11.3,984000
11/29/2015,11.3,984000
11/30/2015,11.3,984000
12/1/2015,11.3,984000
12/2/2015,11.3,984000
12/3/2015,11.3,984000
12/4/2015,11.3,984000
12/5/2015,11.3,984000
12/6/2015,11.3,984000
12/7/2015,11.3,984000
12/8/2015,11.3,984000
12/9/2015,11.3,984000
12/10/2015,11.3,984000
12/11/2015,11.3,984000
12/12/2015,11.3,984000
12/13/2015,11.3,984000
12/14/2015,11.2,957000
12/15/2015,11.2,957000
12/16/2015,11.2,957000
12/17/2015,11.2,957000
12/18/2015,11.2,957000
12/19/2015,11.2,957000
12/20/2015,11.3,984000
12/21/2015,11.3,984000
12/22/2015,11.3,984000
12/23/2015,11.3,984000
12/24/2015,11.3,984000
12/25/2015,11.3,984000
12/26/2015,11.3,984000
12/27/2015,11.3,984000
12/28/2015,11.3,984000
12/29/2015,11.3,984000
12/30/2015,11.3,984000
12/31/2015,11.3,984000
1/1/2016,11.3,984000
1/2/2016,11.3,984000
1/3/2016,11.3,984000
1/4/2016,11.3,984000
1/5/2016,11.3,984000
1/6/2016,11.3,984000
1/7/2016,11.3,984000
1/8/2016,11.3,984000
1/9/2016,11.3,984000
1/10/2016,11.3,984000
1/11/2016,11.3,984000
1/12/2016,11.3,984000
1/13/2016,11.3,984000
1/14/2016,11.2,957000
1/15/2016,11.2,957000
1/16/2016,11.2,957000
1/17/2016,11.2,957000
1/18/2016,11.2,957000
1/19/2016,11.2,957000
1/20/2016,11.2,957000
1/21/2016,11.2,957000
1/22/2016,11.2,957000
1/23/2016,11.2,957000
1/24/2016,11.2,957000
1/25/2016,11.2,957000
1/26/2016,11.2,957000
1/27/2016,11.2,957000
1/28/2016,11.3,984000
1/29/2016,11.3,984000
1/30/2016,11.3,984000
1/31/2016,11.3,984000
2/1/2016,11.3,984000
2/2/2016,11.3,984000
2/3/2016,11.3,984000
2/4/2016,11.3,984000
2/5/2016,11.3,984000
2/6/2016,11.3,984000
2/7/2016,11.3,984000
2/8/2016,11.3,984000
2/9/2016,11.3,984000
2/10/2016,11.3,984000
2/11/2016,11.3,984000
2/12/2016,11.3,984000
2/13/2016,11.3,984000
2/14/2016,11.4,1010000
2/15/2016,11.4,1010000
2/16/2016,11.4,1010000
2/17/2016,11.5,1040000
2/18/2016,11.5,1040000
2/19/2016,11.5,1040000
2/20/2016,11.6,1070000
2/21/2016,11.6,1070000
2/22/2016,11.6,1070000
2/23/2016,11.7,1090000
2/24/2016,11.7,1090000
2/25/2016,11.7,1090000
2/26/2016,11.7,1090000
2/27/2016,11.6,1070000
2/28/2016,11.6,1070000
2/29/2016,11.6,1070000
3/1/2016,11.5,1040000
3/2/2016,11.5,1040000
3/3/2016,11.5,1040000
3/4/2016,11.6,1070000
3/5/2016,11.6,1070000
3/6/2016,11.6,1070000
3/7/2016,11.7,1090000
3/8/2016,11.7,1090000
3/9/2016,11.7,1090000
3/10/2016,11.7,1090000
3/11/2016,11.7,1090000
3/12/2016,11.8,1120000
3/14/2016,11.8,1120000
3/15/2016,11.8,1120000
3/16/2016,11.8,1120000
3/17/2016,11.8,1120000
3/18/2016,11.8,1120000
3/19/2016,11.8,1120000
3/20/2016,11.8,1120000
3/21/2016,11.7,1090000
3/22/2016,11.7,1090000
3/23/2016,11.7,1090000
3/24/2016,11.7,1090000
3/25/2016,11.7,1090000
3/26/2016,11.7,1090000
3/27/2016,11.7,1090000
3/28/2016,11.6,1070000
3/29/2016,11.6,1070000
3/30/2016,11.6,1070000
3/31/2016,11.6,1070000
4/1/2016,11.6,1070000
4/2/2016,11.6,1070000
4/3/2016,11.6,1070000
4/4/2016,11.6,1070000
4/5/2016,11.6,1070000
4/6/2016,11.6,1070000
4/7/2016,11.6,1070000
4/8/2016,11.6,1070000
4/9/2016,11.6,1070000
4/10/2016,11.6,1070000
4/11/2016,11.6,1070000
4/12/2016,11.5,1040000
4/13/2016,11.5,1040000
4/14/2016,11.5,1040000
4/15/2016,11.5,1040000
4/16/2016,11.5,1040000
4/17/2016,11.5,1040000
4/18/2016,11.5,1040000
4/19/2016,11.5,1040000
4/20/2016,11.5,1040000
4/21/2016,11.4,1010000
4/22/2016,11.4,1010000
4/23/2016,11.4,1010000
4/24/2016,11.4,1010000
4/25/2016,11.4,1010000
4/26/2016,11.4,1010000
4/27/2016,11.4,1010000
4/28/2016,11.4,1010000
4/29/2016,11.4,1010000
4/30/2016,11.4,1010000
5/1/2016,11.4,1010000
5/2/2016,11.5,1040000
5/3/2016,11.5,1040000
5/4/2016,11.5,1040000
5/5/2016,11.5,1040000
5/6/2016,11.5,1040000
5/7/2016,11.5,1040000
5/8/2016,11.5,1040000
5/9/2016,11.6,1070000
5/10/2016,11.6,1070000
5/11/2016,11.6,1070000
5/12/2016,11.6,1070000
5/13/2016,11.6,1070000
5/14/2016,11.6,1070000
5/15/2016,11.6,1070000
5/16/2016,11.5,1040000
5/17/2016,11.5,1040000
5/18/2016,11.5,1040000
5/19/2016,11.5,1040000
5/20/2016,11.5,1040000
5/21/2016,11.5,1040000
5/22/2016,11.5,1040000
5/23/2016,11.4,1010000
5/24/2016,11.4,1010000
5/25/2016,11.4,1010000
5/26/2016,11.4,1010000
5/27/2016,11.4,1010000
5/28/2016,11.4,1010000
5/29/2016,11.4,1010000
5/30/2016,11.4,1010000
5/31/2016,11.4,1010000
6/1/2016,11.4,1010000
6/2/2016,11.4,1010000
6/3/2016,11.3,984000
6/4/2016,11.3,984000
6/5/2016,11.3,984000
6/6/2016,11.3,984000
6/7/2016,11.3,984000
6/8/2016,11.3,984000
6/9/2016,11.3,984000
6/10/2016,11.3,984000
6/11/2016,11.3,984000
6/12/2016,11.3,984000
6/13/2016,11.3,984000
6/14/2016,11.3,984000
6/15/2016,11.3,984000
6/16/2016,11.3,984000
6/17/2016,11.3,984000
6/18/2016,11.3,984000
6/19/2016,11.3,984000
6/20/2016,11.3,984000
6/21/2016,11.3,984000
6/22/2016,11.3,984000
6/23/2016,11.3,984000
6/24/2016,11.3,984000
6/25/2016,11.3,984000
6/26/2016,11.3,984000
6/27/2016,11.3,984000
6/28/2016,11.3,984000
6/29/2016,11.3,984000
6/30/2016,11.3,984000
7/1/2016,11.3,984000
7/2/2016,11.3,984000
7/3/2016,11.3,984000
7/4/2016,11.3,984000
7/5/2016,11.3,984000
7/6/2016,11.3,984000
7/7/2016,11.3,984000
7/8/2016,11.3,984000
7/9/2016,11.3,984000
7/10/2016,11.3,984000
7/11/2016,11.3,984000
7/12/2016,11.3,984000
7/13/2016,11.3,984000
7/14/2016,11.3,984000
7/15/2016,11.3,984000
7/16/2016,11.3,984000
7/17/2016,11.3,984000
7/18/2016,11.3,984000
7/19/2016,11.2,957000
7/20/2016,11.2,957000
7/21/2016,11.2,957000
7/22/2016,11.2,957000
7/23/2016,11.2,957000
7/24/2016,11.2,957000
7/25/2016,11.2,957000
7/26/2016,11.2,957000
7/27/2016,11.2,957000
7/28/2016,11.2,957000
7/29/2016,11.2,957000
7/30/2016,11.2,957000
7/31/2016,11.2,957000
8/1/2016,11.2,957000
8/2/2016,11.2,957000
8/3/2016,11.2,957000
8/4/2016,11.3,984000
8/5/2016,11.3,984000
8/6/2016,11.3,984000
8/7/2016,11.3,984000
8/8/2016,11.3,984000
8/9/2016,11.3,984000
8/10/2016,11.3,984000
8/11/2016,11.3,984000
8/12/2016,11.3,984000
8/13/2016,11.3,984000
8/14/2016,11.3,984000
8/15/2016,11.3,984000
8/16/2016,11.3,984000
8/17/2016,11.3,984000
8/18/2016,11.3,984000
8/19/2016,11.2,957000
8/20/2016,11.2,957000
8/21/2016,11.2,957000
8/22/2016,11.2,957000
8/23/2016,11.2,957000
8/24/2016,11.2,957000
8/25/2016,11.2,957000
8/26/2016,11.2,957000
8/27/2016,11.2,957000
8/28/2016,11.2,957000
8/29/2016,11.2,957000
8/30/2016,11.3,984000
8/31/2016,11.3,984000
9/1/2016,11.3,984000
9/2/2016,11.3,984000
9/3/2016,11.3,984000
9/4/2016,11.3,984000
9/5/2016,11.3,984000
9/6/2016,11.3,984000
9/7/2016,11.3,984000
9/8/2016,11.4,1010000
9/9/2016,11.4,1010000
9/10/2016,11.4,1010000
9/11/2016,11.4,1010000
9/12/2016,11.4,1010000
9/13/2016,11.4,1010000
9/14/2016,11.4,1010000
9/15/2016,11.4,1010000
9/16/2016,11.4,1010000
9/17/2016,11.5,1040000
9/18/2016,11.5,1040000
9/19/2016,11.5,1040000
9/20/2016,11.5,1040000
9/21/2016,11.5,1040000
9/22/2016,11.5,1040000
9/23/2016,11.5,1040000
9/24/2016,11.5,1040000
9/25/2016,11.5,1040000
9/26/2016,11.6,1070000
9/27/2016,11.6,1070000
9/28/2016,11.6,1070000
9/29/2016,11.6,1070000
9/30/2016,11.6,1070000
10/1/2016,11.6,1070000
10/2/2016,11.6,1070000
10/3/2016,11.6,1070000
10/4/2016,11.7,1090000
10/5/2016,11.7,1090000
10/6/2016,11.7,1090000
10/7/2016,11.8,1120000
10/8/2016,11.8,1120000
10/9/2016,11.8,1120000
10/10/2016,11.9,1150000
10/11/2016,11.9,1150000
10/12/2016,12,1180000
10/13/2016,12,1180000
10/14/2016,12,1180000
10/15/2016,12,1180000
10/16/2016,12,1180000
10/17/2016,12,1180000
10/18/2016,12,1180000
10/19/2016,12,1180000
10/20/2016,12,1180000
10/21/2016,12,1180000
10/22/2016,11.9,1150000
10/23/2016,11.9,1150000
10/24/2016,11.8,1120000
10/25/2016,11.8,1120000
10/26/2016,11.7,1090000
10/27/2016,11.7,1090000
10/28/2016,11.7,1090000
10/29/2016,11.6,1070000
10/30/2016,11.6,1070000
10/31/2016,11.6,1070000
11/1/2016,11.6,1070000
11/2/2016,11.6,1070000
11/3/2016,11.5,1040000
11/4/2016,11.5,1040000
11/5/2016,11.5,1040000
11/6/2016,11.5,1040000
11/6/2016,11.5,1040000
11/7/2016,11.4,1010000
11/8/2016,11.4,1010000
11/9/2016,11.4,1010000
11/10/2016,11.4,1010000
11/11/2016,11.4,1010000
11/12/2016,11.3,984000
11/13/2016,11.3,984000
11/14/2016,11.3,984000
11/15/2016,11.2,957000
11/16/2016,11.2,957000
11/17/2016,11.2,957000
11/18/2016,11.2,957000
11/19/2016,11.2,957000
11/20/2016,11.2,957000
11/21/2016,11.2,957000
11/22/2016,11.2,957000
11/23/2016,11.2,957000
11/24/2016,11.2,957000
11/25/2016,11.2,957000
11/26/2016,11.2,957000
11/27/2016,11.2,957000
11/28/2016,11.2,957000
11/29/2016,11.2,957000
11/30/2016,11.2,957000
12/1/2016,11.2,957000
12/2/2016,11.2,957000
12/3/2016,11.2,957000
12/4/2016,11.2,957000
12/5/2016,11.2,957000
12/6/2016,11.2,957000
12/7/2016,11.2,957000
12/8/2016,11.2,957000
12/9/2016,11.2,957000
12/10/2016,11.2,957000
12/11/2016,11.2,957000
12/12/2016,11.1,930000
12/13/2016,11.1,930000
12/14/2016,11.1,930000
12/15/2016,11.1,930000
12/16/2016,11.1,930000
12/17/2016,11.1,930000
12/18/2016,11,902000
12/19/2016,11,902000
12/20/2016,11,902000
12/21/2016,11,902000
12/22/2016,11,902000
12/23/2016,11,902000
12/24/2016,11,902000
12/25/2016,11,902000
12/26/2016,11,902000
12/27/2016,11,902000
12/28/2016,11,902000
12/29/2016,11,902000
12/30/2016,11,902000
12/31/2016,11,902000
1/1/2017,11,902000
1/2/2017,10.9,880000
1/3/2017,10.9,880000
1/4/2017,10.9,880000
1/5/2017,10.9,880000
1/6/2017,10.9,880000
1/7/2017,10.9,880000
1/8/2017,10.9,880000
1/9/2017,10.9,880000
1/10/2017,10.9,880000
1/11/2017,10.9,880000
1/12/2017,10.9,880000
1/13/2017,10.9,880000
1/14/2017,10.9,880000
1/15/2017,10.9,880000
1/16/2017,10.9,880000
1/17/2017,10.9,880000
1/18/2017,10.9,880000
1/19/2017,10.9,880000
1/20/2017,10.9,880000
1/21/2017,10.9,880000
1/22/2017,10.9,880000
1/23/2017,11,902000
1/24/2017,11,902000
1/25/2017,11,902000
1/26/2017,11,902000
1/27/2017,11,902000
1/28/2017,11,902000
1/29/2017,11,902000
1/30/2017,11,902000
1/31/2017,11,902000
2/1/2017,11,902000
2/2/2017,11,902000
2/3/2017,11,902000
2/4/2017,11,902000
2/5/2017,11,902000
2/6/2017,11,902000
2/7/2017,11,902000
2/8/2017,11,902000
2/9/2017,11,902000
2/10/2017,11,902000
2/11/2017,11,902000
2/12/2017,11,902000
2/13/2017,11,902000
2/14/2017,11,902000
2/15/2017,11,902000
2/16/2017,11,902000
2/17/2017,11,902000
2/18/2017,11,902000
2/19/2017,11,902000
2/20/2017,11,902000
2/21/2017,11,902000
2/22/2017,11,902000
2/23/2017,11,902000
2/24/2017,11,902000
2/25/2017,11,902000
2/26/2017,11,902000
2/27/2017,11,902000
2/28/2017,11,902000
3/1/2017,11,902000
3/2/2017,11,902000
3/3/2017,11,902000
3/4/2017,11,902000
3/5/2017,11,902000
3/6/2017,11,902000
3/7/2017,11,902000
3/8/2017,11,902000
3/9/2017,11,902000
3/10/2017,11,902000
3/11/2017,11,902000
3/13/2017,11,902000
3/14/2017,10.9,880000
3/15/2017,10.9,880000
3/16/2017,10.9,880000
3/17/2017,10.9,880000
3/18/2017,10.9,880000
3/19/2017,10.9,880000
3/20/2017,10.9,880000
3/21/2017,10.9,880000
3/22/2017,10.9,880000
3/23/2017,10.9,880000
3/24/2017,10.9,880000
3/25/2017,10.9,880000
3/26/2017,10.9,880000
3/27/2017,10.9,880000
3/28/2017,10.9,880000
3/29/2017,10.9,880000
3/30/2017,10.9,880000
3/31/2017,10.9,880000
4/1/2017,10.9,880000
4/2/2017,10.9,880000
4/3/2017,10.9,880000
4/4/2017,10.9,880000
4/5/2017,10.9,880000
4/6/2017,10.9,880000
4/7/2017,10.9,880000
4/8/2017,10.9,880000
4/9/2017,10.9,880000
4/10/2017,10.9,880000
4/11/2017,10.9,880000
4/12/2017,10.9,880000
4/13/2017,10.9,880000
4/14/2017,10.9,880000
4/15/2017,10.9,880000
4/16/2017,10.9,880000
4/17/2017,10.8,859000
4/18/2017,10.8,859000
4/19/2017,10.8,859000
4/20/2017,10.9,880000
4/21/2017,10.9,880000
4/22/2017,10.9,880000
4/23/2017,11,902000
4/24/2017,11.1,930000
4/25/2017,11.1,930000
4/26/2017,11.1,930000
4/27/2017,11.2,957000
4/28/2017,11.2,957000
4/29/2017,11.2,957000
4/30/2017,11.2,957000
5/1/2017,11.2,957000
5/2/2017,11.2,957000
5/3/2017,11.2,957000
5/4/2017,11.2,957000
5/5/2017,11.2,957000
5/6/2017,11.2,957000
5/7/2017,11.2,957000
5/8/2017,11.2,957000
5/9/2017,11.2,957000
5/10/2017,11.2,957000
5/11/2017,11.2,957000
5/12/2017,11.2,957000
5/13/2017,11.2,957000
5/14/2017,11.2,957000
5/15/2017,11.2,957000
5/16/2017,11.2,957000
5/17/2017,11.2,957000
5/18/2017,11.2,957000
5/19/2017,11.2,957000
5/20/2017,11.2,957000
5/21/2017,11.2,957000
5/22/2017,11.2,957000
5/23/2017,11.2,957000
5/24/2017,11.2,957000
5/25/2017,11.2,957000
5/26/2017,11.2,957000
5/27/2017,11.2,957000
5/28/2017,11.2,957000
5/29/2017,11.2,957000
5/30/2017,11.2,957000
5/31/2017,11.2,957000
6/1/2017,11.2,957000
6/2/2017,11.2,957000
6/3/2017,11.2,957000
6/4/2017,11.2,957000
6/5/2017,11.2,957000
6/6/2017,11.2,957000
6/7/2017,11.2,957000
6/8/2017,11.2,957000
6/9/2017,11.2,957000
6/10/2017,11.2,957000
6/11/2017,11.2,957000
6/12/2017,11.2,957000
6/13/2017,11.2,957000
6/14/2017,11.2,957000
6/15/2017,11.2,957000
6/16/2017,11.2,957000
6/17/2017,11.2,957000
6/18/2017,11.2,957000
6/19/2017,11.2,957000
6/20/2017,11.1,930000
6/21/2017,11.1,930000
6/22/2017,11.1,930000
6/23/2017,11.1,930000
6/24/2017,11.1,930000
6/25/2017,11,902000
6/26/2017,11,902000
6/27/2017,11,902000
6/28/2017,10.9,880000
6/29/2017,10.9,880000
6/30/2017,10.8,859000
7/1/2017,10.8,859000
7/2/2017,10.8,859000
7/3/2017,10.7,838000
7/4/2017,10.7,838000
7/5/2017,10.6,817000
7/6/2017,10.6,817000
7/7/2017,10.5,797000
7/8/2017,10.4,777000
7/9/2017,10.4,777000
7/10/2017,10.3,756000
7/11/2017,10.2,737000
7/12/2017,10.1,717000
7/13/2017,10.1,717000
7/14/2017,10,696000
7/15/2017,10,696000
7/16/2017,9.9,679000
7/17/2017,9.9,679000
7/18/2017,9.8,662000
7/19/2017,9.8,662000
7/20/2017,9.8,662000
7/21/2017,9.8,662000
7/22/2017,9.8,662000
7/23/2017,9.8,662000
7/24/2017,9.7,644000
7/25/2017,9.7,644000
7/26/2017,9.7,644000
7/27/2017,9.7,644000
7/28/2017,9.7,644000
7/29/2017,9.7,644000
7/30/2017,9.7,644000
7/31/2017,9.7,644000
8/1/2017,9.8,662000
8/2/2017,9.8,662000
8/3/2017,9.8,662000
8/4/2017,9.8,662000
8/5/2017,9.8,662000
8/6/2017,9.8,662000
8/7/2017,9.9,679000
8/8/2017,9.9,679000
8/9/2017,9.9,679000
8/10/2017,9.9,679000
8/11/2017,9.9,679000
8/12/2017,9.9,679000
8/13/2017,9.9,679000
8/14/2017,9.9,679000
8/15/2017,9.9,679000
8/16/2017,9.9,679000
8/17/2017,9.9,679000
8/18/2017,9.9,679000
8/19/2017,9.9,679000
8/20/2017,9.9,679000
8/21/2017,9.9,679000
8/22/2017,10,696000
8/23/2017,10,696000
8/24/2017,10,696000
8/25/2017,10,696000
8/26/2017,10,696000
8/27/2017,10,696000
8/28/2017,10,696000
8/29/2017,10,696000
8/30/2017,10,696000
8/31/2017,10,696000
9/1/2017,10,696000
9/2/2017,10,696000
9/3/2017,10,696000
9/4/2017,10,696000
9/5/2017,10,696000
9/6/2017,10,696000
9/7/2017,10,696000
9/8/2017,10,696000
9/9/2017,10,696000
9/10/2017,10,696000
9/11/2017,10,696000
9/12/2017,10,696000
9/13/2017,10,696000
9/14/2017,10,696000
9/15/2017,10,696000
9/16/2017,10,696000
9/17/2017,10,696000
9/18/2017,10.1,717000
9/19/2017,10.1,717000
9/20/2017,10.1,717000
9/21/2017,10.1,717000
9/22/2017,10.1,717000
9/23/2017,10.1,717000
9/24/2017,10.1,717000
9/25/2017,10.1,717000
9/26/2017,10.1,717000
9/27/2017,10.1,717000
9/28/2017,10.1,717000
9/29/2017,10.1,717000
9/30/2017,10.1,717000
10/1/2017,10.1,717000
10/2/2017,10.1,717000
10/3/2017,10.1,717000
10/4/2017,10.1,717000
10/5/2017,10.1,717000
10/6/2017,10.1,717000
10/7/2017,10.1,717000
10/8/2017,10.1,717000
10/9/2017,10.1,717000
10/10/2017,10.2,737000
10/11/2017,10.2,737000
10/12/2017,10.2,737000
10/13/2017,10.2,737000
10/14/2017,10.2,737000
10/15/2017,10.2,737000
10/16/2017,10.2,737000
10/17/2017,10.2,737000
10/18/2017,10.2,737000
10/19/2017,10.2,737000
10/20/2017,10.2,737000
10/21/2017,10.2,737000
10/22/2017,10.2,737000
10/23/2017,10.2,737000
10/24/2017,10.3,756000
10/25/2017,10.3,756000
10/26/2017,10.3,756000
10/27/2017,10.3,756000
10/28/2017,10.3,756000
10/29/2017,10.3,756000
10/30/2017,10.3,756000
10/31/2017,10.3,756000
11/1/2017,10.3,756000
11/2/2017,10.3,756000
11/3/2017,10.3,756000
11/4/2017,10.3,756000
11/5/2017,10.3,756000
11/5/2017,10.3,756000
11/6/2017,10.3,756000
11/7/2017,10.3,756000
11/8/2017,10.3,756000
11/9/2017,10.3,756000
11/10/2017,10.3,756000
11/11/2017,10.3,756000
11/12/2017,10.3,756000
11/13/2017,10.3,756000
11/14/2017,10.3,756000
11/15/2017,10.3,756000
11/16/2017,10.3,756000
11/17/2017,10.3,756000
11/18/2017,10.3,756000
11/19/2017,10.3,756000
11/20/2017,10.3,756000
11/21/2017,10.3,756000
11/22/2017,10.3,756000
11/23/2017,10.4,777000
11/24/2017,10.4,777000
11/25/2017,10.4,777000
11/26/2017,10.4,777000
11/27/2017,10.4,777000
11/28/2017,10.4,777000
11/29/2017,10.4,777000
11/30/2017,10.4,777000
12/1/2017,10.4,777000
12/2/2017,10.4,777000
12/3/2017,10.4,777000
12/4/2017,10.4,777000
12/5/2017,10.4,777000
12/6/2017,10.4,777000
12/7/2017,10.4,777000
12/8/2017,10.4,777000
12/9/2017,10.4,777000
12/10/2017,10.4,777000
12/11/2017,10.4,777000
12/12/2017,10.4,777000
12/13/2017,10.4,777000
12/14/2017,10.4,777000
12/15/2017,10.4,777000
12/16/2017,10.4,777000
12/17/2017,10.4,777000
12/18/2017,10.4,777000
12/19/2017,10.4,777000
12/20/2017,10.4,777000
12/21/2017,10.4,777000
12/22/2017,10.4,777000
12/23/2017,10.4,777000
12/24/2017,10.4,777000
12/25/2017,10.4,777000
12/26/2017,10.4,777000
12/27/2017,10.4,777000
12/28/2017,10.4,777000
12/29/2017,10.4,777000
12/30/2017,10.4,777000
12/31/2017,10.4,777000
1/1/2018,10.4,777000
1/2/2018,10.4,777000
1/3/2018,10.4,777000
1/4/2018,10.4,777000
1/5/2018,10.4,777000
1/6/2018,10.4,777000
1/7/2018,10.4,777000
1/8/2018,10.4,777000
1/9/2018,10.4,777000
1/10/2018,10.5,797000
1/11/2018,10.5,797000
1/12/2018,10.5,797000
1/13/2018,10.5,797000
1/14/2018,10.5,797000
1/15/2018,10.5,797000
1/16/2018,10.5,797000
1/17/2018,10.5,797000
1/18/2018,10.5,797000
1/19/2018,10.5,797000
1/20/2018,10.6,817000
1/21/2018,10.6,817000
1/22/2018,10.6,817000
1/23/2018,10.6,817000
1/24/2018,10.6,817000
1/25/2018,10.6,817000
1/26/2018,10.6,817000
1/27/2018,10.6,817000
1/28/2018,10.6,817000
1/29/2018,10.6,817000
1/30/2018,10.6,817000
1/31/2018,10.6,817000
2/1/2018,10.6,817000
2/2/2018,10.6,817000
2/3/2018,10.6,817000
2/4/2018,10.6,817000
2/5/2018,10.6,817000
2/6/2018,10.6,817000
2/7/2018,10.6,817000
2/8/2018,10.6,817000
2/9/2018,10.6,817000
2/10/2018,10.6,817000
2/11/2018,10.6,817000
2/12/2018,10.6,817000
2/13/2018,10.6,817000
2/14/2018,10.6,817000
2/15/2018,10.6,817000
2/16/2018,10.6,817000
2/17/2018,10.6,817000
2/18/2018,10.6,817000
2/19/2018,10.6,817000
2/20/2018,10.7,838000
2/21/2018,10.7,838000
2/22/2018,10.7,838000
2/23/2018,10.7,838000
2/24/2018,10.7,838000
2/25/2018,10.7,838000
2/26/2018,10.7,838000
2/27/2018,10.8,859000
2/28/2018,10.8,859000
3/1/2018,10.8,859000
3/2/2018,10.8,859000
3/3/2018,10.9,880000
3/4/2018,10.9,880000
3/5/2018,10.9,880000
3/6/2018,11,902000
3/7/2018,11.1,930000
3/8/2018,11.1,930000
3/9/2018,11.1,930000
3/10/2018,11.1,930000
3/12/2018,11.1,930000
3/13/2018,11.1,930000
3/14/2018,11.1,930000
3/15/2018,11.1,930000
3/16/2018,11.1,930000
3/17/2018,11.1,930000
3/18/2018,11.1,930000
3/19/2018,11.1,930000
3/20/2018,11.2,957000
3/21/2018,11.2,957000
3/22/2018,11.2,957000
3/23/2018,11.2,957000
3/24/2018,11.2,957000
3/25/2018,11.2,957000
3/26/2018,11.2,957000
3/27/2018,11.2,957000
3/28/2018,11.2,957000
3/29/2018,11.2,957000
3/30/2018,11.2,957000
3/31/2018,11.2,957000
4/1/2018,11.2,957000
4/2/2018,11.1,930000
4/3/2018,11.1,930000
4/4/2018,11.1,930000
4/5/2018,11.1,930000
4/6/2018,11.1,930000
4/7/2018,11.1,930000
4/8/2018,11.1,930000
4/9/2018,11.1,930000
4/10/2018,11.1,930000
4/11/2018,11.1,930000
4/12/2018,11.1,930000
4/13/2018,11.1,930000
4/14/2018,11.1,930000
4/15/2018,11.1,930000
4/16/2018,11.1,930000
4/17/2018,11.1,930000
4/18/2018,11.1,930000
4/19/2018,11.1,930000
4/20/2018,11.1,930000
4/21/2018,11.1,930000
4/22/2018,11.2,957000
4/23/2018,11.2,957000
4/24/2018,11.2,957000
4/25/2018,11.3,984000
4/26/2018,11.3,984000
4/27/2018,11.3,984000
4/28/2018,11.3,984000
4/29/2018,11.3,984000
4/30/2018,11.2,957000
5/1/2018,11.2,957000
5/2/2018,11.2,957000
5/3/2018,11.2,957000
5/4/2018,11.2,957000
5/5/2018,11.2,957000
5/6/2018,11.2,957000
5/7/2018,11.2,957000
5/8/2018,11.2,957000
5/9/2018,11.2,957000
5/10/2018,11.2,957000
5/11/2018,11.2,957000
5/12/2018,11.2,957000
5/13/2018,11.2,957000
5/14/2018,11.2,957000
5/15/2018,11.2,957000
5/16/2018,11.2,957000
5/17/2018,11.2,957000
5/18/2018,11.5,1040000
5/19/2018,11.6,1070000
5/20/2018,11.6,1070000
5/21/2018,11.7,1090000
5/22/2018,11.7,1090000
5/23/2018,11.8,1120000
5/24/2018,11.8,1120000
5/25/2018,11.8,1120000
5/26/2018,11.8,1120000
5/27/2018,11.8,1120000
5/28/2018,11.8,1120000
5/29/2018,11.8,1120000
5/30/2018,11.8,1120000
5/31/2018,11.8,1120000
6/1/2018,11.8,1120000
6/2/2018,11.8,1120000
6/3/2018,11.7,1090000
6/4/2018,11.7,1090000
6/5/2018,11.7,1090000
6/6/2018,11.6,1070000
6/7/2018,11.6,1070000
6/8/2018,11.6,1070000
6/9/2018,11.6,1070000
6/10/2018,11.6,1070000
6/11/2018,11.5,1040000
6/12/2018,11.5,1040000
6/13/2018,11.5,1040000
6/14/2018,11.5,1040000
6/15/2018,11.5,1040000
6/16/2018,11.5,1040000
6/17/2018,11.4,1010000
6/18/2018,11.4,1010000
6/19/2018,11.4,1010000
6/20/2018,11.3,984000
6/21/2018,11.3,984000
6/22/2018,11.3,984000
6/23/2018,11.3,984000
6/24/2018,11.3,984000
6/25/2018,11.2,957000
6/26/2018,11.2,957000
6/27/2018,11.2,957000
6/28/2018,11.2,957000
6/29/2018,11.2,957000
6/30/2018,11.1,930000
7/1/2018,11.1,930000
7/2/2018,11.1,930000
7/3/2018,11.1,930000
7/4/2018,11.1,930000
7/5/2018,11.1,930000
7/6/2018,11.1,930000
7/7/2018,11.1,930000
7/8/2018,11.1,930000
7/9/2018,11,902000
7/10/2018,11,902000
7/11/2018,11,902000
7/12/2018,11,902000
7/13/2018,11,902000
7/14/2018,11,902000
7/15/2018,10.9,880000
7/16/2018,10.9,880000
7/17/2018,10.9,880000
7/18/2018,10.9,880000
7/19/2018,10.9,880000
7/20/2018,10.9,880000
7/21/2018,10.9,880000
7/22/2018,10.9,880000
7/23/2018,10.9,880000
7/24/2018,10.9,880000
7/25/2018,10.9,880000
7/26/2018,10.9,880000
7/27/2018,10.9,880000
7/28/2018,10.9,880000
7/29/2018,10.9,880000
7/30/2018,10.9,880000
7/31/2018,10.9,880000
8/1/2018,10.9,880000
8/2/2018,10.9,880000
8/3/2018,10.9,880000
8/4/2018,10.9,880000
8/5/2018,10.9,880000
8/6/2018,10.9,880000
8/7/2018,10.9,880000
8/8/2018,10.9,880000
8/9/2018,10.9,880000
8/10/2018,10.9,880000
8/11/2018,10.9,880000
8/12/2018,10.9,880000
8/13/2018,10.9,880000
8/14/2018,10.9,880000
8/15/2018,10.9,880000
8/16/2018,10.8,859000
8/17/2018,10.8,859000
8/18/2018,10.8,859000
8/19/2018,10.8,859000
8/20/2018,10.8,859000
8/21/2018,10.8,859000
8/22/2018,10.8,859000
8/23/2018,10.8,859000
8/24/2018,10.7,838000
8/25/2018,10.7,838000
8/26/2018,10.7,838000
8/27/2018,10.7,838000
8/28/2018,10.7,838000
8/29/2018,10.7,838000
8/30/2018,10.7,838000
8/31/2018,10.7,838000
9/1/2018,10.6,817000
9/2/2018,10.6,817000
9/3/2018,10.5,797000
9/4/2018,10.5,797000
9/5/2018,10.4,777000
9/6/2018,10.4,777000
9/7/2018,10.3,756000
9/8/2018,10.3,756000
9/9/2018,10.4,777000
9/10/2018,10.4,777000
9/11/2018,10.4,777000
9/12/2018,10.5,797000
9/13/2018,10.5,797000
9/14/2018,10.6,817000
9/15/2018,10.6,817000
9/16/2018,10.7,838000
9/17/2018,10.7,838000
9/18/2018,10.8,859000
9/19/2018,10.8,859000
9/20/2018,10.9,880000
9/21/2018,10.9,880000
9/22/2018,10.9,880000
9/23/2018,10.9,880000
9/24/2018,10.9,880000
9/25/2018,11,902000
9/26/2018,11,902000
9/27/2018,11,902000
9/28/2018,11,902000
9/29/2018,11,902000
9/30/2018,11,902000
10/1/2018,11,902000
10/2/2018,11.1,930000
10/3/2018,11.1,930000
10/4/2018,11.1,930000
10/5/2018,11.1,930000
10/6/2018,11.1,930000
10/7/2018,11.1,930000
10/8/2018,11.1,930000
10/9/2018,11.1,930000
10/10/2018,11.1,930000
10/11/2018,11.1,930000
10/12/2018,11.1,930000
10/13/2018,11.2,957000
10/14/2018,11.2,957000
10/15/2018,11.2,957000
10/16/2018,11.2,957000
10/17/2018,11.2,957000
10/18/2018,11.2,957000
10/19/2018,11.2,957000
10/20/2018,11.2,957000
10/21/2018,11.2,957000
10/22/2018,11.2,957000
10/23/2018,11.2,957000
10/24/2018,11.2,957000
10/25/2018,11.2,957000
10/26/2018,11.2,957000
10/27/2018,11.2,957000
10/28/2018,11.2,957000
10/29/2018,11.2,957000
10/30/2018,11.2,957000
10/31/2018,11.2,957000
11/1/2018,11.2,957000
11/2/2018,11.2,957000
11/3/2018,11.3,984000
11/4/2018,11.3,984000
11/4/2018,11.3,984000
11/5/2018,11.3,984000
11/6/2018,11.3,984000
11/7/2018,11.3,984000
11/8/2018,11.3,984000
11/9/2018,11.3,984000
11/10/2018,11.3,984000
11/11/2018,11.3,984000
11/12/2018,11.3,984000
11/13/2018,11.3,984000
11/14/2018,11.3,984000
11/15/2018,11.3,984000
11/16/2018,11.3,984000
11/17/2018,11.3,984000
11/18/2018,11.3,984000
11/19/2018,11.3,984000
11/20/2018,11.3,984000
11/21/2018,11.3,984000
11/22/2018,11.3,984000
11/23/2018,11.3,984000
11/24/2018,11.3,984000
11/25/2018,11.3,984000
11/26/2018,11.3,984000
11/27/2018,11.3,984000
11/28/2018,11.3,984000
11/29/2018,11.3,984000
11/30/2018,11.3,984000
12/1/2018,11.3,984000
12/2/2018,11.3,984000
12/3/2018,11.3,984000
12/4/2018,11.3,984000
12/5/2018,11.3,984000
12/6/2018,11.3,984000
12/7/2018,11.3,984000
12/8/2018,11.3,984000
12/9/2018,11.3,984000
12/10/2018,11.3,984000
12/11/2018,11.3,984000
12/12/2018,11.3,984000
12/13/2018,11.3,984000
12/14/2018,11.3,984000
12/15/2018,11.3,984000
12/16/2018,11.3,984000
12/17/2018,11.3,984000
12/18/2018,11.3,984000
12/19/2018,11.3,984000
12/20/2018,11.3,984000
12/21/2018,11.3,984000
12/22/2018,11.3,984000
12/23/2018,11.3,984000
12/24/2018,11.3,984000
12/25/2018,11.3,984000
12/26/2018,11.3,984000
12/27/2018,11.3,984000
12/28/2018,11.3,984000
12/29/2018,11.3,984000
12/30/2018,11.3,984000
12/31/2018,11.3,984000
1/1/2019,11.3,984000
1/2/2019,11.3,984000
1/3/2019,11.3,984000
1/4/2019,11.3,984000
1/5/2019,11.3,984000
1/6/2019,11.3,984000
1/7/2019,11.3,984000
1/8/2019,11.3,984000
1/9/2019,11.3,984000
1/10/2019,11.3,984000
1/11/2019,11.3,984000
1/12/2019,11.3,984000
1/13/2019,11.3,984000
1/14/2019,11.3,984000
1/15/2019,11.3,984000
1/16/2019,11.3,984000
1/17/2019,11.3,984000
1/18/2019,11.3,984000
1/19/2019,11.3,984000
1/20/2019,11.3,984000
1/21/2019,11.3,984000
1/22/2019,11.3,984000
1/23/2019,11.3,984000
1/24/2019,11.3,984000
1/25/2019,11.3,984000
1/26/2019,11.2,957000
1/27/2019,11.2,957000
1/28/2019,11.2,957000
1/29/2019,11.2,957000
1/30/2019,11.2,957000
1/31/2019,11.2,957000
2/1/2019,11.2,957000
2/2/2019,11.2,957000
2/3/2019,11.2,957000
2/4/2019,11.2,957000
2/5/2019,11.2,957000
2/6/2019,11.2,957000
2/7/2019,11.2,957000
2/8/2019,11.2,957000
2/9/2019,11.2,957000
2/10/2019,11.2,957000
2/11/2019,11.2,957000
2/12/2019,11.2,957000
2/13/2019,11.2,957000
2/14/2019,11.2,957000
2/15/2019,11.2,957000
2/16/2019,11.2,957000
2/17/2019,11.2,957000
2/18/2019,11.2,957000
2/19/2019,11.2,957000
2/20/2019,11.2,957000
2/21/2019,11.2,957000
2/22/2019,11.2,957000
2/23/2019,11.2,957000
2/24/2019,11.2,957000
2/25/2019,11.2,957000
2/26/2019,11.2,957000
2/27/2019,11.2,957000
2/28/2019,11.2,957000
3/1/2019,11.2,957000
3/2/2019,11.2,957000
3/3/2019,11.2,957000
3/4/2019,11.2,957000
3/5/2019,11.2,957000
3/6/2019,11.2,957000
3/7/2019,11.2,957000
3/8/2019,11.2,957000
3/9/2019,11.2,957000
3/11/2019,11.2,957000
3/12/2019,11.2,957000
3/13/2019,11.2,957000
3/14/2019,11.2,957000
3/15/2019,11.2,957000
3/16/2019,11.2,957000
3/17/2019,11.2,957000
3/18/2019,11.2,957000
3/19/2019,11.2,957000
3/20/2019,11.2,957000
3/21/2019,11.2,957000
3/22/2019,11.2,957000
3/23/2019,11.2,957000
3/24/2019,11.2,957000
3/25/2019,11.2,957000
3/26/2019,11.2,957000
3/27/2019,11.2,957000
3/28/2019,11.2,957000
3/29/2019,11.2,957000
3/30/2019,11.2,957000
3/31/2019,11.2,957000
4/1/2019,11.2,957000
4/2/2019,11.2,957000
4/3/2019,11.2,957000
4/4/2019,11.2,957000
4/5/2019,11.2,957000
4/6/2019,11.2,957000
4/7/2019,11.2,957000
4/8/2019,11.2,957000
4/9/2019,11.2,957000
4/10/2019,11.2,957000
4/11/2019,11.2,957000
4/12/2019,11.2,957000
4/13/2019,11.2,957000
4/14/2019,11.3,984000
4/15/2019,11.3,984000
4/16/2019,11.3,984000
4/17/2019,11.3,984000
4/18/2019,11.3,984000
4/19/2019,11.3,984000
4/20/2019,11.3,984000
4/21/2019,11.3,984000
4/22/2019,11.3,984000
4/23/2019,11.3,984000
4/24/2019,11.4,1010000
4/25/2019,11.4,1010000
4/26/2019,11.4,1010000
4/27/2019,11.4,1010000
4/28/2019,11.4,1010000
4/29/2019,11.4,1010000
4/30/2019,11.4,1010000
5/1/2019,11.4,1010000
5/2/2019,11.4,1010000
5/3/2019,11.4,1010000
5/4/2019,11.3,984000
5/5/2019,11.3,984000
5/6/2019,11.3,984000
5/7/2019,11.3,984000
5/8/2019,11.3,984000
5/9/2019,11.3,984000
5/10/2019,11.3,984000
5/11/2019,11.3,984000
5/12/2019,11.2,957000
5/13/2019,11.2,957000
5/14/2019,11.2,957000
5/15/2019,11.2,957000
5/16/2019,11.2,957000
5/17/2019,11.2,957000
5/18/2019,11.2,957000
5/19/2019,11.2,957000
5/20/2019,11.2,957000
5/21/2019,11.2,957000
5/22/2019,11.2,957000
5/23/2019,11.2,957000
5/24/2019,11.2,957000
5/25/2019,11.2,957000
5/26/2019,11.2,957000
5/27/2019,11.1,930000
5/28/2019,11.1,930000
5/29/2019,11.1,930000
5/30/2019,11.1,930000
5/31/2019,11.1,930000
6/1/2019,11.1,930000
6/2/2019,11.1,930000
6/3/2019,11.1,930000
6/4/2019,11.1,930000
6/5/2019,11.1,930000
6/6/2019,11.1,930000
6/7/2019,11.1,930000
6/8/2019,11.1,930000
6/9/2019,11.1,930000
6/10/2019,11.2,957000
6/11/2019,11.2,957000
6/12/2019,11.2,957000
6/13/2019,11.2,957000
6/14/2019,11.2,957000
6/15/2019,11.2,957000
6/16/2019,11.2,957000
6/17/2019,11.2,957000
6/18/2019,11.2,957000
6/19/2019,11.2,957000
6/20/2019,11.1,930000
6/21/2019,11.1,930000
6/22/2019,11.1,930000
6/23/2019,11.1,930000
6/24/2019,11.1,930000
6/25/2019,11.1,930000
6/26/2019,11.1,930000
6/27/2019,11.1,930000
6/28/2019,11.1,930000
6/29/2019,11.1,930000
6/30/2019,11.1,930000
7/1/2019,11.1,930000
7/2/2019,11.1,930000
7/3/2019,11.1,930000
7/4/2019,11.1,930000
7/5/2019,11.1,930000
7/6/2019,11.1,930000
7/7/2019,11.1,930000
7/8/2019,11.1,930000
7/9/2019,11.1,930000
7/10/2019,11.1,930000
7/11/2019,11,902000
7/12/2019,11,902000
7/13/2019,11,902000
7/14/2019,11,902000
7/15/2019,11,902000
7/16/2019,11,902000
7/17/2019,11,902000
7/18/2019,11,902000
7/19/2019,11,902000
7/20/2019,11,902000
7/21/2019,11,902000
7/22/2019,11,902000
7/23/2019,11,902000
7/24/2019,11,902000
7/25/2019,11,902000
7/26/2019,11,902000
7/27/2019,11,902000
7/28/2019,11,902000
7/29/2019,11,902000
7/30/2019,11,902000
7/31/2019,11,902000
8/1/2019,11,902000
8/2/2019,11,902000
8/3/2019,11,902000
8/4/2019,11,902000
8/5/2019,11.1,930000
8/6/2019,11.1,930000
8/7/2019,11.1,930000
8/8/2019,11.1,930000
8/9/2019,11.1,930000
8/10/2019,11.1,930000
8/11/2019,11.1,930000
8/12/2019,11,902000
8/13/2019,11,902000
8/14/2019,11,902000
8/15/2019,11,902000
8/16/2019,11,902000
8/17/2019,11,902000
8/18/2019,11,902000
8/19/2019,11,902000
8/20/2019,11,902000
8/21/2019,11,902000
8/22/2019,11,902000
8/23/2019,11,902000
8/24/2019,11,902000
8/25/2019,10.9,880000
8/26/2019,10.9,880000
8/27/2019,10.9,880000
8/28/2019,10.9,880000
8/29/2019,10.9,880000
8/30/2019,10.9,880000
8/31/2019,10.9,880000
9/1/2019,10.9,880000
9/2/2019,10.9,880000
9/3/2019,10.9,880000
9/4/2019,10.9,880000
9/5/2019,10.9,880000
9/6/2019,10.9,880000
9/7/2019,10.9,880000
9/8/2019,10.8,859000
9/9/2019,10.8,859000
9/10/2019,10.8,859000
9/11/2019,10.8,859000
9/12/2019,10.8,859000
9/13/2019,10.8,859000
9/14/2019,10.8,859000
9/15/2019,10.8,859000
9/16/2019,10.8,859000
9/17/2019,10.7,838000
9/18/2019,10.7,838000
9/19/2019,10.7,838000
9/20/2019,10.7,838000
9/21/2019,10.7,838000
9/22/2019,10.7,838000
9/23/2019,10.7,838000
9/24/2019,10.6,817000
9/25/2019,10.6,817000
9/26/2019,10.6,817000
9/27/2019,10.6,817000
9/28/2019,10.6,817000
9/29/2019,10.6,817000
9/30/2019,10.6,817000
10/1/2019,10.5,797000
10/2/2019,10.5,797000
10/3/2019,10.5,797000
10/4/2019,10.5,797000
10/5/2019,10.5,797000
10/6/2019,10.5,797000
10/7/2019,10.5,797000
10/8/2019,10.4,777000
10/9/2019,10.4,777000
10/10/2019,10.4,777000
10/11/2019,10.4,777000
10/12/2019,10.4,777000
10/13/2019,10.4,777000
10/14/2019,10.4,777000
10/15/2019,10.3,756000
10/16/2019,10.3,756000
10/17/2019,10.3,756000
10/18/2019,10.3,756000
10/19/2019,10.3,756000
10/20/2019,10.3,756000
10/21/2019,10.3,756000
10/22/2019,10.3,756000
10/23/2019,10.3,756000
10/24/2019,10.3,756000
10/25/2019,10.3,756000
10/26/2019,10.3,756000
10/27/2019,10.3,756000
10/28/2019,10.3,756000
10/29/2019,10.3,756000
10/30/2019,10.3,756000
10/31/2019,10.3,756000
11/1/2019,10.3,756000
11/2/2019,10.3,756000
11/3/2019,10.3,756000
11/3/2019,10.3,756000
11/4/2019,10.3,756000
11/5/2019,10.3,756000
11/6/2019,10.3,756000
11/7/2019,10.3,756000
11/8/2019,10.3,756000
11/9/2019,10.3,756000
11/10/2019,10.3,756000
11/11/2019,10.3,756000
11/12/2019,10.3,756000
11/13/2019,10.3,756000
11/14/2019,10.3,756000
11/15/2019,10.3,756000
11/16/2019,10.3,756000
11/17/2019,10.3,756000
11/18/2019,10.3,756000
11/19/2019,10.3,756000
11/20/2019,10.3,756000
11/21/2019,10.3,756000
11/22/2019,10.3,756000
11/23/2019,10.3,756000
11/24/2019,10.3,756000
11/25/2019,10.3,756000
11/26/2019,10.3,756000
11/27/2019,10.3,756000
11/28/2019,10.3,756000
11/29/2019,10.3,756000
11/30/2019,10.3,756000
12/1/2019,10.3,756000
12/2/2019,10.3,756000
12/3/2019,10.3,756000
12/4/2019,10.3,756000
12/5/2019,10.3,756000
12/6/2019,10.3,756000
12/7/2019,10.3,756000
12/8/2019,10.3,756000
12/9/2019,10.3,756000
12/10/2019,10.3,756000
12/11/2019,10.3,756000
12/12/2019,10.3,756000
12/13/2019,10.3,756000
12/14/2019,10.3,756000
12/15/2019,10.3,756000
12/16/2019,10.3,756000
12/17/2019,10.3,756000
12/18/2019,10.3,756000
12/19/2019,10.3,756000
12/20/2019,10.3,756000
12/21/2019,10.3,756000
12/22/2019,10.3,756000
12/23/2019,10.3,756000
12/24/2019,10.3,756000
12/25/2019,10.3,756000
12/26/2019,10.3,756000
12/27/2019,10.3,756000
12/28/2019,10.3,756000
12/29/2019,10.3,756000
12/30/2019,10.3,756000
12/31/2019,10.3,756000
1/1/2020,10.3,756000
