"","time","Q_BVR_m3.d"
"1",2013-01-01,0
"2",2013-01-02,0
"3",2013-01-03,0
"4",2013-01-04,0
"5",2013-01-05,0
"6",2013-01-06,0
"7",2013-01-07,0
"8",2013-01-08,0
"9",2013-01-09,0
"10",2013-01-10,0
"11",2013-01-11,22472.5981371532
"12",2013-01-12,15730.8186960072
"13",2013-01-13,11011.573087205
"14",2013-01-14,16877.7671228697
"15",2013-01-15,48490.9859143838
"16",2013-01-16,41429.1740400687
"17",2013-01-17,40874.0654847981
"18",2013-01-18,28611.8458393586
"19",2013-01-19,20028.292087551
"20",2013-01-20,14019.8044612857
"21",2013-01-21,9813.86312290001
"22",2013-01-22,6869.70418603001
"23",2013-01-23,4808.79293022101
"24",2013-01-24,3366.15505115471
"25",2013-01-25,4383.78722285664
"26",2013-01-26,3068.65105599965
"27",2013-01-27,2148.05573919975
"28",2013-01-28,2237.24658040548
"29",2013-01-29,1566.07260628384
"30",2013-01-30,50361.3102642214
"31",2013-01-31,36792.24955658
"32",2013-02-01,25754.574689606
"33",2013-02-02,18028.2022827242
"34",2013-02-03,12619.7415979069
"35",2013-02-04,8833.81911853486
"36",2013-02-05,6183.6733829744
"37",2013-02-06,4328.57136808208
"38",2013-02-07,3029.99995765746
"39",2013-02-08,9298.30383461337
"40",2013-02-09,6508.81268422936
"41",2013-02-10,5507.47469514059
"42",2013-02-11,3855.23228659842
"43",2013-02-12,2698.66260061889
"44",2013-02-13,3440.1813090948
"45",2013-02-14,2408.12691636636
"46",2013-02-15,1685.68884145645
"47",2013-02-16,1179.98218901952
"48",2013-02-17,825.987532313661
"49",2013-02-18,578.191272619563
"50",2013-02-19,404.733890833694
"51",2013-02-20,283.313723583586
"52",2013-02-21,198.31960650851
"53",2013-02-22,138.823724555957
"54",2013-02-23,97.1766071891699
"55",2013-02-24,68.0236250324189
"56",2013-02-25,47.6165375226933
"57",2013-02-26,20277.8942903068
"58",2013-02-27,14194.5260032147
"59",2013-02-28,12043.3775465448
"60",2013-03-01,9752.39217433703
"61",2013-03-02,6826.67452203592
"62",2013-03-03,4778.67216542514
"63",2013-03-04,3345.0705157976
"64",2013-03-05,13326.1483979407
"65",2013-03-06,11483.3283785585
"66",2013-03-07,8038.32986499096
"67",2013-03-08,5626.83090549367
"68",2013-03-09,3938.78163384557
"69",2013-03-10,2757.1471436919
"70",2013-03-11,1930.00300058433
"71",2013-03-12,12190.8237553303
"72",2013-03-13,8533.57662873119
"73",2013-03-14,5973.50364011184
"74",2013-03-15,4181.45254807828
"75",2013-03-16,2927.0167836548
"76",2013-03-17,10967.5228109914
"77",2013-03-18,12186.371154194
"78",2013-03-19,8530.45980793579
"79",2013-03-20,5971.32186555505
"80",2013-03-21,4179.92530588854
"81",2013-03-22,2925.94771412198
"82",2013-03-23,2048.16339988538
"83",2013-03-24,9605.76089773155
"84",2013-03-25,8055.04712841208
"85",2013-03-26,5638.53298988846
"86",2013-03-27,3946.97309292192
"87",2013-03-28,2762.88116504534
"88",2013-03-29,1934.01681553174
"89",2013-03-30,1353.81177087222
"90",2013-03-31,2986.03822766468
"91",2013-04-01,2090.22675936528
"92",2013-04-02,1463.15873155569
"93",2013-04-03,1024.21111208899
"94",2013-04-04,5974.62053953978
"95",2013-04-05,4182.23437767785
"96",2013-04-06,2927.56406437449
"97",2013-04-07,2049.29484506215
"98",2013-04-08,1434.5063915435
"99",2013-04-09,1004.15447408045
"100",2013-04-10,702.908131856316
"101",2013-04-11,492.035692299421
"102",2013-04-12,25529.0718596872
"103",2013-04-13,17870.3503017811
"104",2013-04-14,12509.2452112467
"105",2013-04-15,13959.8134627454
"106",2013-04-16,9771.8694239218
"107",2013-04-17,6840.30859674526
"108",2013-04-18,4788.21601772168
"109",2013-04-19,11120.9018558002
"110",2013-04-20,7784.63129906016
"111",2013-04-21,5449.24190934211
"112",2013-04-22,3814.46933653948
"113",2013-04-23,2670.12853557764
"114",2013-04-24,1869.08997490435
"115",2013-04-25,1308.36298243304
"116",2013-04-26,915.854087703129
"117",2013-04-27,641.09786139219
"118",2013-04-28,6036.03023966846
"119",2013-04-29,4225.22116776792
"120",2013-04-30,2957.65481743755
"121",2013-05-01,2070.35837220628
"122",2013-05-02,1449.2508605444
"123",2013-05-03,1014.47560238108
"124",2013-05-04,710.132921666755
"125",2013-05-05,2878.9500378096
"126",2013-05-06,30815.6743313555
"127",2013-05-07,31776.3017751988
"128",2013-05-08,28697.5205007642
"129",2013-05-09,20088.2643505349
"130",2013-05-10,14456.9594864887
"131",2013-05-11,10119.8716405421
"132",2013-05-12,7083.91014837948
"133",2013-05-13,4958.73710386564
"134",2013-05-14,3471.11597270595
"135",2013-05-15,2429.78118089416
"136",2013-05-16,1700.84682662591
"137",2013-05-17,2147.18445186936
"138",2013-05-18,7285.63938560172
"139",2013-05-19,10593.7493004969
"140",2013-05-20,8302.39680066865
"141",2013-05-21,5811.67776046806
"142",2013-05-22,16452.3460577988
"143",2013-05-23,11516.6422404592
"144",2013-05-24,8061.64956832141
"145",2013-05-25,5643.15469782499
"146",2013-05-26,3950.20828847749
"147",2013-05-27,2765.14580193424
"148",2013-05-28,1935.60206135397
"149",2013-05-29,1354.92144294778
"150",2013-05-30,948.445010063445
"151",2013-05-31,663.911507044412
"152",2013-06-01,464.738054931088
"153",2013-06-02,9110.53283601507
"154",2013-06-03,6377.37298521055
"155",2013-06-04,4464.16108964739
"156",2013-06-05,3124.91276275317
"157",2013-06-06,29424.0710523295
"158",2013-06-07,24630.0722933806
"159",2013-06-08,17241.0506053665
"160",2013-06-09,12068.7354237565
"161",2013-06-10,9955.32181668296
"162",2013-06-11,6968.72527167807
"163",2013-06-12,4878.10769017465
"164",2013-06-13,3414.67538312225
"165",2013-06-14,2390.27276818558
"166",2013-06-15,1673.1909377299
"167",2013-06-16,1171.23365641093
"168",2013-06-17,819.863559487653
"169",2013-06-18,5729.40648273325
"170",2013-06-19,6819.14750370366
"171",2013-06-20,4773.40325259256
"172",2013-06-21,3341.38227681479
"173",2013-06-22,2338.96759377036
"174",2013-06-23,1637.27731563925
"175",2013-06-24,1146.09412094747
"176",2013-06-25,802.265884663232
"177",2013-06-26,5277.59113386812
"178",2013-06-27,3694.31379370768
"179",2013-06-28,2586.01965559538
"180",2013-06-29,1810.21375891676
"181",2013-06-30,3886.81297307877
"182",2013-07-01,2720.76908115514
"183",2013-07-02,37397.7150539348
"184",2013-07-03,56915.7438823794
"185",2013-07-04,66697.0723217906
"186",2013-07-05,46687.9506252534
"187",2013-07-06,32681.5654376774
"188",2013-07-07,23214.9333146657
"189",2013-07-08,16250.453320266
"190",2013-07-09,11375.3173241862
"191",2013-07-10,32868.0801109034
"192",2013-07-11,23007.6560776323
"193",2013-07-12,16105.3592543426
"194",2013-07-13,13329.4720422061
"195",2013-07-14,9330.63042954424
"196",2013-07-15,6531.44130068097
"197",2013-07-16,4572.00891047668
"198",2013-07-17,3200.40623733368
"199",2013-07-18,2240.28436613357
"200",2013-07-19,1568.1990562935
"201",2013-07-20,1097.73933940545
"202",2013-07-21,768.417537583815
"203",2013-07-22,1679.78662751378
"204",2013-07-23,1175.85063925965
"205",2013-07-24,823.095447481752
"206",2013-07-25,576.166813237226
"207",2013-07-26,403.316769266058
"208",2013-07-27,8013.86012565617
"209",2013-07-28,5609.70208795932
"210",2013-07-29,3926.79146157152
"211",2013-07-30,2748.75402310007
"212",2013-07-31,1924.12781617005
"213",2013-08-01,3923.01785690495
"214",2013-08-02,2746.11249983347
"215",2013-08-03,1922.27874988343
"216",2013-08-04,1345.5951249184
"217",2013-08-05,941.916587442879
"218",2013-08-06,6640.54719967494
"219",2013-08-07,4648.38303977246
"220",2013-08-08,14542.0233996627
"221",2013-08-09,11198.8887266979
"222",2013-08-10,7839.22210868853
"223",2013-08-11,8631.8385615674
"224",2013-08-12,6042.28699309718
"225",2013-08-13,5262.43630691667
"226",2013-08-14,3683.70541484167
"227",2013-08-15,2578.59379038917
"228",2013-08-16,1805.01565327242
"229",2013-08-17,15697.8526152907
"230",2013-08-18,11394.3047307035
"231",2013-08-19,8949.16231149242
"232",2013-08-20,6264.4136180447
"233",2013-08-21,5607.13901761665
"234",2013-08-22,3924.99731233166
"235",2013-08-23,2747.49811863216
"236",2013-08-24,1923.24868304251
"237",2013-08-25,1346.27407812976
"238",2013-08-26,942.391854690831
"239",2013-08-27,659.674298283581
"240",2013-08-28,461.772008798507
"241",2013-08-29,323.240406158955
"242",2013-08-30,226.268284311268
"243",2013-08-31,1341.77182200417
"244",2013-09-01,939.240275402918
"245",2013-09-02,657.468192782042
"246",2013-09-03,460.227734947429
"247",2013-09-04,322.159414463201
"248",2013-09-05,225.511590124241
"249",2013-09-06,157.858113086968
"250",2013-09-07,110.500679160878
"251",2013-09-08,77.3504754126145
"252",2013-09-09,54.1453327888302
"253",2013-09-10,37.9017329521811
"254",2013-09-11,26.5312130665268
"255",2013-09-12,18.5718491465687
"256",2013-09-13,13.0002944025981
"257",2013-09-14,9.10020608181868
"258",2013-09-15,6.37014425727308
"259",2013-09-16,4.45910098009116
"260",2013-09-17,3.12137068606381
"261",2013-09-18,2.18495948024467
"262",2013-09-19,1.52947163617127
"263",2013-09-20,9075.99358274052
"264",2013-09-21,12755.7084491398
"265",2013-09-22,8928.99591439782
"266",2013-09-23,6250.29714007848
"267",2013-09-24,4375.20799805494
"268",2013-09-25,3062.64559863845
"269",2013-09-26,2143.85191904692
"270",2013-09-27,1500.69634333284
"271",2013-09-28,1050.48744033299
"272",2013-09-29,735.341208233093
"273",2013-09-30,514.738845763165
"274",2013-10-01,360.317192034216
"275",2013-10-02,252.222034423951
"276",2013-10-03,176.555424096766
"277",2013-10-04,123.588796867736
"278",2013-10-05,86.5121578074152
"279",2013-10-06,60.5585104651906
"280",2013-10-07,28230.4944597503
"281",2013-10-08,19761.3461218252
"282",2013-10-09,13832.9422852777
"283",2013-10-10,11275.4430772599
"284",2013-10-11,7892.81015408193
"285",2013-10-12,6318.47122242797
"286",2013-10-13,4422.92985569958
"287",2013-10-14,7490.19786473324
"288",2013-10-15,5243.13850531327
"289",2013-10-16,3670.19695371929
"290",2013-10-17,2805.87183497553
"291",2013-10-18,1964.11028448287
"292",2013-10-19,1374.87719913801
"293",2013-10-20,962.414039396608
"294",2013-10-21,673.689827577626
"295",2013-10-22,471.582879304338
"296",2013-10-23,330.108015513036
"297",2013-10-24,231.075610859126
"298",2013-10-25,161.752927601388
"299",2013-10-26,113.227049320972
"300",2013-10-27,79.2589345246801
"301",2013-10-28,55.481254167276
"302",2013-10-29,38.8368779170932
"303",2013-10-30,27.1858145419653
"304",2013-10-31,19.0300701793757
"305",2013-11-01,30.9030568480145
"306",2013-11-02,21.6321397936102
"307",2013-11-03,15.1424978555271
"308",2013-11-04,10.599748498869
"309",2013-11-05,7.41982394920828
"310",2013-11-06,5.1938767644458
"311",2013-11-07,3.63571373511206
"312",2013-11-08,2.54499961457844
"313",2013-11-09,1.78149973020491
"314",2013-11-10,1.24704981114344
"315",2013-11-11,0.872934867800405
"316",2013-11-12,0.611054407460284
"317",2013-11-13,0.427738085222198
"318",2013-11-14,0.299416659655539
"319",2013-11-15,5349.25423823818
"320",2013-11-16,5365.01470991357
"321",2013-11-17,5911.9088045542
"322",2013-11-18,4459.51146873313
"323",2013-11-19,3121.65802811319
"324",2013-11-20,2185.16061967923
"325",2013-11-21,1529.61243377546
"326",2013-11-22,1070.72870364282
"327",2013-11-23,749.510092549978
"328",2013-11-24,524.657064784984
"329",2013-11-25,367.259945349489
"330",2013-11-26,35081.7915472264
"331",2013-11-27,25603.065877629
"332",2013-11-28,17922.1461143403
"333",2013-11-29,12545.5022800382
"334",2013-11-30,8781.85159602675
"335",2013-12-01,6147.29611721873
"336",2013-12-02,4303.10728205311
"337",2013-12-03,10819.1364293342
"338",2013-12-04,21073.0028688768
"339",2013-12-05,19235.9823297083
"340",2013-12-06,25809.4703307958
"341",2013-12-07,19819.727531557
"342",2013-12-08,16281.6890720899
"343",2013-12-09,17030.6874643458
"344",2013-12-10,21624.2995072048
"345",2013-12-11,15137.0096550433
"346",2013-12-12,10595.9067585303
"347",2013-12-13,7417.13473097124
"348",2013-12-14,11004.59227963
"349",2013-12-15,7703.21459574103
"350",2013-12-16,5392.25021701872
"351",2013-12-17,4694.87489484109
"352",2013-12-18,3286.41242638876
"353",2013-12-19,2300.48869847214
"354",2013-12-20,8294.84704716916
"355",2013-12-21,20510.2340226511
"356",2013-12-22,20850.7031158557
"357",2013-12-23,28535.221681099
"358",2013-12-24,19974.6551767693
"359",2013-12-25,13982.2586237385
"360",2013-12-26,9787.58103661696
"361",2013-12-27,6851.30672563187
"362",2013-12-28,4928.02470493696
"363",2013-12-29,20206.2932755775
"364",2013-12-30,14144.4052929043
"365",2013-12-31,9901.08370503298
"366",2014-01-01,6930.75859352309
"367",2014-01-02,5632.95365366801
"368",2014-01-03,3943.06755756761
"369",2014-01-04,2760.14729029733
"370",2014-01-05,2820.66558877735
"371",2014-01-06,2358.89041214414
"372",2014-01-07,1651.2232885009
"373",2014-01-08,1155.85630195063
"374",2014-01-09,809.099411365441
"375",2014-01-10,9235.81145313722
"376",2014-01-11,17417.9434444862
"377",2014-01-12,12192.5604111403
"378",2014-01-13,8534.79228779822
"379",2014-01-14,13979.0290972881
"380",2014-01-15,10945.5349678579
"381",2014-01-16,7661.87447750052
"382",2014-01-17,5363.31213425036
"383",2014-01-18,3754.31849397525
"384",2014-01-19,2628.02294578268
"385",2014-01-20,1839.61606204787
"386",2014-01-21,2416.82507346344
"387",2014-01-22,1691.77755142441
"388",2014-01-23,1184.24428599709
"389",2014-01-24,828.97100019796
"390",2014-01-25,580.279700138572
"391",2014-01-26,406.195790097001
"392",2014-01-27,284.337053067901
"393",2014-01-28,1132.00165538484
"394",2014-01-29,792.401158769387
"395",2014-01-30,554.680811138571
"396",2014-01-31,388.276567797
"397",2014-02-01,271.7935974579
"398",2014-02-02,190.25551822053
"399",2014-02-03,28198.9316058066
"400",2014-02-04,20820.4077240646
"401",2014-02-05,14940.7996068453
"402",2014-02-06,10458.5597247917
"403",2014-02-07,7320.99180735417
"404",2014-02-08,5124.69426514792
"405",2014-02-09,3587.28598560355
"406",2014-02-10,2511.10018992248
"407",2014-02-11,1757.77013294574
"408",2014-02-12,12133.1920267324
"409",2014-02-13,27352.9518980368
"410",2014-02-14,19147.0663286257
"411",2014-02-15,13402.946430038
"412",2014-02-16,9382.06250102662
"413",2014-02-17,6567.44375071863
"414",2014-02-18,4597.21062550304
"415",2014-02-19,8231.36623020188
"416",2014-02-20,19519.0297557955
"417",2014-02-21,23497.7734623958
"418",2014-02-22,16448.441423677
"419",2014-02-23,11513.9089965739
"420",2014-02-24,8059.73629760175
"421",2014-02-25,5641.81540832123
"422",2014-02-26,3949.27078582486
"423",2014-02-27,2764.4895500774
"424",2014-02-28,1935.14268505418
"425",2014-03-01,1354.59987953793
"426",2014-03-02,3743.66877224133
"427",2014-03-03,16100.8421681544
"428",2014-03-04,11270.5895177081
"429",2014-03-05,7889.41266239565
"430",2014-03-06,5522.58886367695
"431",2014-03-07,5988.22699839431
"432",2014-03-08,4191.75889887602
"433",2014-03-09,9581.78350008804
"434",2014-03-10,6707.24845006163
"435",2014-03-11,4695.07391504314
"436",2014-03-12,3286.5517405302
"437",2014-03-13,2300.58621837114
"438",2014-03-14,1610.4103528598
"439",2014-03-15,1127.28724700186
"440",2014-03-16,5744.56677723168
"441",2014-03-17,6377.59272795712
"442",2014-03-18,4464.31490956998
"443",2014-03-19,3125.02043669899
"444",2014-03-20,2187.51430568929
"445",2014-03-21,1531.2600139825
"446",2014-03-22,1071.88200978775
"447",2014-03-23,750.317406851427
"448",2014-03-24,525.222184795999
"449",2014-03-25,5095.0042656714
"450",2014-03-26,3566.50298596998
"451",2014-03-27,2496.55209017899
"452",2014-03-28,1747.58646312529
"453",2014-03-29,9119.62209178752
"454",2014-03-30,6383.73546425127
"455",2014-03-31,4468.61482497589
"456",2014-04-01,3128.03037748312
"457",2014-04-02,2189.62126423818
"458",2014-04-03,1532.73488496673
"459",2014-04-04,1072.91441947671
"460",2014-04-05,751.040093633697
"461",2014-04-06,525.728065543588
"462",2014-04-07,17615.342089212
"463",2014-04-08,12330.7394624484
"464",2014-04-09,8631.51762371389
"465",2014-04-10,6042.06233659972
"466",2014-04-11,4229.44363561981
"467",2014-04-12,2960.61054493386
"468",2014-04-13,2072.4273814537
"469",2014-04-14,1450.69916701759
"470",2014-04-15,16163.7592742499
"471",2014-04-16,11314.6314919749
"472",2014-04-17,7920.24204438244
"473",2014-04-18,5544.16943106771
"474",2014-04-19,3880.91860174739
"475",2014-04-20,2716.64302122318
"476",2014-04-21,1901.65011485622
"477",2014-04-22,1331.15508039936
"478",2014-04-23,931.80855627955
"479",2014-04-24,652.265989395685
"480",2014-04-25,2473.18430282646
"481",2014-04-26,1731.22901197852
"482",2014-04-27,1211.86030838496
"483",2014-04-28,7565.57322509224
"484",2014-04-29,22977.8439419954
"485",2014-04-30,16084.4907593968
"486",2014-05-01,11259.1435315777
"487",2014-05-02,7881.40047210441
"488",2014-05-03,5516.98033047309
"489",2014-05-04,3861.88623133116
"490",2014-05-05,2703.32036193181
"491",2014-05-06,1892.32425335227
"492",2014-05-07,1324.62697734659
"493",2014-05-08,927.238884142612
"494",2014-05-09,649.067218899829
"495",2014-05-10,1112.045348891
"496",2014-05-11,778.431744223699
"497",2014-05-12,544.902220956589
"498",2014-05-13,381.431554669612
"499",2014-05-14,267.002088268729
"500",2014-05-15,29850.9530968797
"501",2014-05-16,20895.6671678158
"502",2014-05-17,14626.9670174711
"503",2014-05-18,10238.8769122297
"504",2014-05-19,7167.21383856082
"505",2014-05-20,5017.04968699258
"506",2014-05-21,3511.9347808948
"507",2014-05-22,2458.35434662636
"508",2014-05-23,1720.84804263845
"509",2014-05-24,1204.59362984692
"510",2014-05-25,843.215540892842
"511",2014-05-26,590.25087862499
"512",2014-05-27,413.175615037493
"513",2014-05-28,289.222930526245
"514",2014-05-29,1803.49276403182
"515",2014-05-30,1262.44493482227
"516",2014-05-31,883.711454375593
"517",2014-06-01,618.598018062915
"518",2014-06-02,433.01861264404
"519",2014-06-03,303.113028850828
"520",2014-06-04,8723.79908548109
"521",2014-06-05,6106.65935983676
"522",2014-06-06,4274.66155188573
"523",2014-06-07,2992.26308632001
"524",2014-06-08,2094.58416042401
"525",2014-06-09,1466.20891229681
"526",2014-06-10,1026.34623860776
"527",2014-06-11,9868.64371284485
"528",2014-06-12,13139.8434315555
"529",2014-06-13,9197.89040208885
"530",2014-06-14,6438.5232814622
"531",2014-06-15,4506.96629702354
"532",2014-06-16,3154.87640791648
"533",2014-06-17,2208.41348554153
"534",2014-06-18,1545.88943987907
"535",2014-06-19,1082.12260791535
"536",2014-06-20,4488.22446904096
"537",2014-06-21,3141.75712832867
"538",2014-06-22,3865.57195551768
"539",2014-06-23,2705.90036886238
"540",2014-06-24,1894.13025820366
"541",2014-06-25,1325.89118074256
"542",2014-06-26,928.123826519795
"543",2014-06-27,649.686678563857
"544",2014-06-28,454.7806749947
"545",2014-06-29,318.34647249629
"546",2014-06-30,222.842530747403
"547",2014-07-01,155.989771523182
"548",2014-07-02,109.192840066227
"549",2014-07-03,19983.7876175328
"550",2014-07-04,13988.6513322729
"551",2014-07-05,9792.05593259107
"552",2014-07-06,6854.43915281375
"553",2014-07-07,4798.10740696962
"554",2014-07-08,3358.67518487874
"555",2014-07-09,5316.78141566987
"556",2014-07-10,3721.74699096891
"557",2014-07-11,2605.22289367824
"558",2014-07-12,1823.65602557477
"559",2014-07-13,1276.55921790234
"560",2014-07-14,1388.19701546889
"561",2014-07-15,1028.34498868564
"562",2014-07-16,719.841492079946
"563",2014-07-17,503.889044455962
"564",2014-07-18,352.722331119174
"565",2014-07-19,309.229234559659
"566",2014-07-20,216.460464191761
"567",2014-07-21,151.522324934233
"568",2014-07-22,106.065627453963
"569",2014-07-23,74.2459392177742
"570",2014-07-24,7499.58012922398
"571",2014-07-25,5249.70609045679
"572",2014-07-26,3674.79426331975
"573",2014-07-27,3529.47106398705
"574",2014-07-28,2470.62974479093
"575",2014-07-29,1729.44082135365
"576",2014-07-30,1210.60857494756
"577",2014-07-31,847.42600246329
"578",2014-08-01,9094.42555618674
"579",2014-08-02,6366.09788933071
"580",2014-08-03,4456.2685225315
"581",2014-08-04,3119.38796577205
"582",2014-08-05,2183.57157604044
"583",2014-08-06,1528.5001032283
"584",2014-08-07,1069.95007225981
"585",2014-08-08,4262.40445559238
"586",2014-08-09,32520.8409544121
"587",2014-08-10,22764.5886680885
"588",2014-08-11,27825.7690628196
"589",2014-08-12,24659.8354439737
"590",2014-08-13,17261.8848107816
"591",2014-08-14,12083.3193675471
"592",2014-08-15,8458.32355728299
"593",2014-08-16,5920.8264900981
"594",2014-08-17,4144.57854306867
"595",2014-08-18,15046.129809043
"596",2014-08-19,10532.2908663301
"597",2014-08-20,7372.60360643105
"598",2014-08-21,5160.82252450173
"599",2014-08-22,3612.57576715122
"600",2014-08-23,21022.3742576708
"601",2014-08-24,14715.6619803696
"602",2014-08-25,10300.9633862587
"603",2014-08-26,7210.6743703811
"604",2014-08-27,5047.47205926677
"605",2014-08-28,3533.23044148674
"606",2014-08-29,2473.26130904072
"607",2014-08-30,1731.2829163285
"608",2014-08-31,1211.89804142995
"609",2014-09-01,848.328629000966
"610",2014-09-02,5098.54902166355
"611",2014-09-03,3568.98431516449
"612",2014-09-04,2498.28902061514
"613",2014-09-05,1748.8023144306
"614",2014-09-06,3749.77153249576
"615",2014-09-07,2624.84007274703
"616",2014-09-08,1837.38805092292
"617",2014-09-09,1286.17163564605
"618",2014-09-10,900.320144952233
"619",2014-09-11,630.224101466563
"620",2014-09-12,2422.07732726568
"621",2014-09-13,6703.84815987899
"622",2014-09-14,4692.6937119153
"623",2014-09-15,3284.88559834071
"624",2014-09-16,2299.4199188385
"625",2014-09-17,1609.59394318695
"626",2014-09-18,1126.71576023086
"627",2014-09-19,1663.9381584113
"628",2014-09-20,1164.75671088791
"629",2014-09-21,815.329697621537
"630",2014-09-22,570.730788335076
"631",2014-09-23,399.511551834553
"632",2014-09-24,279.658086284187
"633",2014-09-25,195.760660398931
"634",2014-09-26,137.032462279252
"635",2014-09-27,95.9227235954763
"636",2014-09-28,67.1459065168334
"637",2014-09-29,47.0021345617834
"638",2014-09-30,32.9014941932484
"639",2014-10-01,23.0310459352739
"640",2014-10-02,16.1217321546917
"641",2014-10-03,4958.32623808559
"642",2014-10-04,3470.82836665991
"643",2014-10-05,2429.57985666194
"644",2014-10-06,2192.14085619564
"645",2014-10-07,12045.3362719221
"646",2014-10-08,8489.64262090458
"647",2014-10-09,5942.7498346332
"648",2014-10-10,8195.08970873861
"649",2014-10-11,5736.56279611702
"650",2014-10-12,13008.1502365323
"651",2014-10-13,9659.4943655726
"652",2014-10-14,11544.7176559008
"653",2014-10-15,24066.1429591306
"654",2014-10-16,16846.3000713914
"655",2014-10-17,11792.410049974
"656",2014-10-18,8254.68703498179
"657",2014-10-19,5778.28092448725
"658",2014-10-20,4044.79664714108
"659",2014-10-21,2831.35765299875
"660",2014-10-22,1981.95035709913
"661",2014-10-23,1387.36524996939
"662",2014-10-24,971.155674978573
"663",2014-10-25,679.808972485001
"664",2014-10-26,475.866280739501
"665",2014-10-27,333.10639651765
"666",2014-10-28,233.174477562355
"667",2014-10-29,163.222134293649
"668",2014-10-30,114.255494005554
"669",2014-10-31,2732.63530012647
"670",2014-11-01,7040.93159006665
"671",2014-11-02,4928.65211304666
"672",2014-11-03,3450.05647913266
"673",2014-11-04,2415.03953539286
"674",2014-11-05,1690.527674775
"675",2014-11-06,2038.00065758838
"676",2014-11-07,1426.60046031187
"677",2014-11-08,998.620322218307
"678",2014-11-09,699.034225552815
"679",2014-11-10,489.32395788697
"680",2014-11-11,342.526770520879
"681",2014-11-12,239.768739364615
"682",2014-11-13,167.838117555231
"683",2014-11-14,117.486682288662
"684",2014-11-15,82.2406776020631
"685",2014-11-16,234.098504246497
"686",2014-11-17,12559.2788089167
"687",2014-11-18,8791.49516624167
"688",2014-11-19,6154.04661636917
"689",2014-11-20,4307.83263145842
"690",2014-11-21,3015.48284202089
"691",2014-11-22,2110.83798941463
"692",2014-11-23,10879.5586975108
"693",2014-11-24,7615.69108825753
"694",2014-11-25,5330.98376178027
"695",2014-11-26,27691.7929076461
"696",2014-11-27,19384.2550353523
"697",2014-11-28,13568.9785247466
"698",2014-11-29,9498.28496732261
"699",2014-11-30,6648.79947712583
"700",2014-12-01,4694.54307126469
"701",2014-12-02,11798.1848401305
"702",2014-12-03,8258.72938809137
"703",2014-12-04,6917.46511065024
"704",2014-12-05,5508.03927745516
"705",2014-12-06,5172.40909421861
"706",2014-12-07,3620.68636595303
"707",2014-12-08,2844.97714817606
"708",2014-12-09,1991.48400372324
"709",2014-12-10,1394.03880260627
"710",2014-12-11,975.827161824387
"711",2014-12-12,683.079013277071
"712",2014-12-13,478.15530929395
"713",2014-12-14,334.708716505765
"714",2014-12-15,234.296101554035
"715",2014-12-16,189.738800782335
"716",2014-12-17,132.817160547635
"717",2014-12-18,92.9720123833444
"718",2014-12-19,65.0804086683411
"719",2014-12-20,45.5562860678387
"720",2014-12-21,31.8894002474871
"721",2014-12-22,1312.35357982304
"722",2014-12-23,7162.0250556378
"723",2014-12-24,13274.0452197868
"724",2014-12-25,9492.18188222574
"725",2014-12-26,6644.52731755802
"726",2014-12-27,4651.16912229061
"727",2014-12-28,3255.81838560343
"728",2014-12-29,5857.16051045285
"729",2014-12-30,5064.444557317
"730",2014-12-31,3545.1111901219
"731",2015-01-01,2481.57783308533
"732",2015-01-02,1737.10448315973
"733",2015-01-03,3352.80826707703
"734",2015-01-04,3257.19038695392
"735",2015-01-05,2280.03327086775
"736",2015-01-06,1596.02328960742
"737",2015-01-07,1117.2163027252
"738",2015-01-08,782.051411907637
"739",2015-01-09,547.435988335346
"740",2015-01-10,383.205191834742
"741",2015-01-11,268.243634284319
"742",2015-01-12,4471.58298190567
"743",2015-01-13,3130.10808733397
"744",2015-01-14,2436.2674865208
"745",2015-01-15,1705.38724056456
"746",2015-01-16,1193.77106839519
"747",2015-01-17,835.639747876635
"748",2015-01-18,584.947823513645
"749",2015-01-19,409.463476459551
"750",2015-01-20,301.866605436986
"751",2015-01-21,211.30662380589
"752",2015-01-22,147.914636664123
"753",2015-01-23,8110.80705065771
"754",2015-01-24,6816.7417354604
"755",2015-01-25,4771.71921482228
"756",2015-01-26,3423.5107972479
"757",2015-01-27,2396.45755807353
"758",2015-01-28,1677.52029065147
"759",2015-01-29,1174.26420345603
"760",2015-01-30,821.984942419222
"761",2015-01-31,575.389459693455
"762",2015-02-01,539.08215479945
"763",2015-02-02,1700.49513866493
"764",2015-02-03,1190.34659706545
"765",2015-02-04,833.242617945817
"766",2015-02-05,583.269832562072
"767",2015-02-06,408.28888279345
"768",2015-02-07,285.802217955415
"769",2015-02-08,200.061552568791
"770",2015-02-09,140.043086798153
"771",2015-02-10,98.0301607587074
"772",2015-02-11,68.6211125310952
"773",2015-02-12,48.0347787717666
"774",2015-02-13,33.6243451402367
"775",2015-02-14,23.5370415981657
"776",2015-02-15,16.475929118716
"777",2015-02-16,12237.5845399475
"778",2015-02-17,10031.5956149212
"779",2015-02-18,7022.11693044486
"780",2015-02-19,5039.68722320207
"781",2015-02-20,3527.78105624145
"782",2015-02-21,16793.7711486326
"783",2015-02-22,12661.0837243632
"784",2015-02-23,8862.75860705421
"785",2015-02-24,6203.93102493795
"786",2015-02-25,4342.75171745657
"787",2015-02-26,6208.42178121949
"788",2015-02-27,4345.89524685365
"789",2015-02-28,3042.12667279755
"790",2015-03-01,2129.48867095829
"791",2015-03-02,1490.6420696708
"792",2015-03-03,1043.44944876956
"793",2015-03-04,11915.0189138262
"794",2015-03-05,27325.9760396783
"795",2015-03-06,19128.1832277748
"796",2015-03-07,13389.7282594424
"797",2015-03-08,18541.0940379388
"798",2015-03-09,15326.9534808898
"799",2015-03-10,10728.8674366229
"800",2015-03-11,7613.37356029116
"801",2015-03-12,5329.36149220381
"802",2015-03-13,6772.71743503219
"803",2015-03-14,6785.40040452253
"804",2015-03-15,4749.78028316577
"805",2015-03-16,3324.84619821604
"806",2015-03-17,2327.39233875123
"807",2015-03-18,1629.17463712586
"808",2015-03-19,8171.33237643275
"809",2015-03-20,7280.23983512793
"810",2015-03-21,5096.16788458955
"811",2015-03-22,3567.31751921269
"812",2015-03-23,2497.12226344888
"813",2015-03-24,1747.98558441422
"814",2015-03-25,1223.58990908995
"815",2015-03-26,9345.17932449271
"816",2015-03-27,12379.7704271449
"817",2015-03-28,8665.83929900143
"818",2015-03-29,6066.087509301
"819",2015-03-30,4246.2612565107
"820",2015-03-31,2972.38287955749
"821",2015-04-01,2080.66801569024
"822",2015-04-02,1456.46761098317
"823",2015-04-03,1019.52732768822
"824",2015-04-04,713.669129381753
"825",2015-04-05,499.568390567227
"826",2015-04-06,349.697873397059
"827",2015-04-07,3829.18744823459
"828",2015-04-08,3234.43042483207
"829",2015-04-09,9774.99097057165
"830",2015-04-10,6842.49367940015
"831",2015-04-11,4789.74557558011
"832",2015-04-12,3352.82190290608
"833",2015-04-13,2346.97533203425
"834",2015-04-14,14657.440316058
"835",2015-04-15,10260.2082212406
"836",2015-04-16,11469.4955935995
"837",2015-04-17,8028.64691551965
"838",2015-04-18,5620.05284086375
"839",2015-04-19,35378.4432832934
"840",2015-04-20,28292.6264983054
"841",2015-04-21,19804.8385488138
"842",2015-04-22,13863.3869841696
"843",2015-04-23,9704.37088891874
"844",2015-04-24,6793.05962224312
"845",2015-04-25,8263.80971995172
"846",2015-04-26,9440.59466999994
"847",2015-04-27,6608.41626899996
"848",2015-04-28,4625.89138829997
"849",2015-04-29,3238.12397180998
"850",2015-04-30,4929.22082252191
"851",2015-05-01,7826.61483908216
"852",2015-05-02,5478.63038735751
"853",2015-05-03,3835.04127115026
"854",2015-05-04,2684.52888980518
"855",2015-05-05,1879.17022286363
"856",2015-05-06,5840.86977981135
"857",2015-05-07,4088.60884586794
"858",2015-05-08,2862.02619210756
"859",2015-05-09,2003.41833447529
"860",2015-05-10,1402.39283413271
"861",2015-05-11,981.674983892894
"862",2015-05-12,687.172488725026
"863",2015-05-13,481.020742107518
"864",2015-05-14,336.714519475263
"865",2015-05-15,235.700163632684
"866",2015-05-16,164.990114542879
"867",2015-05-17,2207.94441377813
"868",2015-05-18,3757.24328126472
"869",2015-05-19,2630.07029688531
"870",2015-05-20,1841.04920781971
"871",2015-05-21,3711.77480302373
"872",2015-05-22,2598.24236211661
"873",2015-05-23,1818.76965348163
"874",2015-05-24,1273.13875743714
"875",2015-05-25,891.197130205998
"876",2015-05-26,623.837991144199
"877",2015-05-27,436.686593800939
"878",2015-05-28,305.680615660658
"879",2015-05-29,213.97643096246
"880",2015-05-30,149.783501673722
"881",2015-05-31,4400.21877007621
"882",2015-06-01,15229.5546747021
"883",2015-06-02,38569.1928396444
"884",2015-06-03,32356.270587751
"885",2015-06-04,23432.9480114257
"886",2015-06-05,16403.063607998
"887",2015-06-06,11482.1445255986
"888",2015-06-07,8037.50116791903
"889",2015-06-08,12293.0317321902
"890",2015-06-09,8605.12221253313
"891",2015-06-10,6023.58554877319
"892",2015-06-11,4216.50988414124
"893",2015-06-12,2951.55691889887
"894",2015-06-13,2066.08984322921
"895",2015-06-14,1446.26289026044
"896",2015-06-15,1012.38402318231
"897",2015-06-16,708.668816227618
"898",2015-06-17,12255.8276254089
"899",2015-06-18,9924.53632369698
"900",2015-06-19,6947.17542658789
"901",2015-06-20,4863.02279861152
"902",2015-06-21,3404.11595902806
"903",2015-06-22,2382.88117131965
"904",2015-06-23,1668.01681992375
"905",2015-06-24,1167.61177394663
"906",2015-06-25,817.328241762638
"907",2015-06-26,1983.37382164498
"908",2015-06-27,15351.7961704338
"909",2015-06-28,10746.2573193037
"910",2015-06-29,7522.38012351258
"911",2015-06-30,5265.66608645881
"912",2015-07-01,3685.96626052116
"913",2015-07-02,2580.17638236482
"914",2015-07-03,5107.98620435664
"915",2015-07-04,3575.59034304965
"916",2015-07-05,4004.88725180468
"917",2015-07-06,20737.2698203478
"918",2015-07-07,14516.0888742434
"919",2015-07-08,10161.2622119704
"920",2015-07-09,7112.88354837928
"921",2015-07-10,4979.01848386549
"922",2015-07-11,3639.77238685624
"923",2015-07-12,10813.0436893253
"924",2015-07-13,26256.291707353
"925",2015-07-14,18379.4041951471
"926",2015-07-15,12865.582936603
"927",2015-07-16,9005.90805562207
"928",2015-07-17,6304.13563893545
"929",2015-07-18,4412.89494725482
"930",2015-07-19,3089.02646307837
"931",2015-07-20,2162.31852415486
"932",2015-07-21,1513.6229669084
"933",2015-07-22,1059.53607683588
"934",2015-07-23,741.675253785117
"935",2015-07-24,519.172677649582
"936",2015-07-25,363.420874354707
"937",2015-07-26,254.394612048295
"938",2015-07-27,178.076228433807
"939",2015-07-28,543.185428772713
"940",2015-07-29,380.229800140899
"941",2015-07-30,266.160860098629
"942",2015-07-31,186.312602069041
"943",2015-08-01,130.418821448328
"944",2015-08-02,91.2931750138299
"945",2015-08-03,63.9052225096809
"946",2015-08-04,44.7336557567766
"947",2015-08-05,31.3135590297436
"948",2015-08-06,2708.53619801362
"949",2015-08-07,1895.97533860954
"950",2015-08-08,1327.18273702668
"951",2015-08-09,929.027915918673
"952",2015-08-10,23708.0491476466
"953",2015-08-11,16736.1731651019
"954",2015-08-12,11715.3212155713
"955",2015-08-13,8200.72485089992
"956",2015-08-14,5740.50739562994
"957",2015-08-15,4018.35517694096
"958",2015-08-16,4413.92474326369
"959",2015-08-17,3089.74732028458
"960",2015-08-18,3397.52245113594
"961",2015-08-19,8291.50446168108
"962",2015-08-20,5804.05312317676
"963",2015-08-21,4062.83718622373
"964",2015-08-22,2843.98603035661
"965",2015-08-23,1990.79022124963
"966",2015-08-24,1393.55315487474
"967",2015-08-25,975.487208412318
"968",2015-08-26,682.841045888623
"969",2015-08-27,477.988732122036
"970",2015-08-28,334.592112485425
"971",2015-08-29,234.214478739798
"972",2015-08-30,163.950135117858
"973",2015-08-31,114.765094582501
"974",2015-09-01,80.3355662077505
"975",2015-09-02,56.2348963454254
"976",2015-09-03,39.3644274417978
"977",2015-09-04,11209.448702481
"978",2015-09-05,7846.6140917367
"979",2015-09-06,5492.62986421569
"980",2015-09-07,3844.84090495098
"981",2015-09-08,2691.38863346569
"982",2015-09-09,4394.64576931598
"983",2015-09-10,3076.25203852119
"984",2015-09-11,2153.37642696483
"985",2015-09-12,1507.36349887538
"986",2015-09-13,1055.15444921277
"987",2015-09-14,738.608114448937
"988",2015-09-15,517.025680114256
"989",2015-09-16,361.917976079979
"990",2015-09-17,253.342583255985
"991",2015-09-18,177.33980827919
"992",2015-09-19,124.137865795433
"993",2015-09-20,86.896506056803
"994",2015-09-21,23423.7443414955
"995",2015-09-22,16396.6210390468
"996",2015-09-23,11477.6347273328
"997",2015-09-24,8034.34430913295
"998",2015-09-25,10030.475477597
"999",2015-09-26,35517.2727936991
"1000",2015-09-27,59907.8491555894
"1001",2015-09-28,43972.5016089126
"1002",2015-09-29,78184.8887262388
"1003",2015-09-30,54729.4221083672
"1004",2015-10-01,38310.595475857
"1005",2015-10-02,44766.4212558611
"1006",2015-10-03,53428.6796791028
"1007",2015-10-04,39697.4973753719
"1008",2015-10-05,27788.2481627603
"1009",2015-10-06,19451.7737139322
"1010",2015-10-07,13616.2415997526
"1011",2015-10-08,9531.3691198268
"1012",2015-10-09,11393.814487122
"1013",2015-10-10,9846.20166370634
"1014",2015-10-11,6892.34116459444
"1015",2015-10-12,4824.63881521611
"1016",2015-10-13,3377.24717065128
"1017",2015-10-14,2364.07301945589
"1018",2015-10-15,1654.85111361913
"1019",2015-10-16,1158.39577953339
"1020",2015-10-17,810.877045673372
"1021",2015-10-18,567.61393197136
"1022",2015-10-19,397.329752379952
"1023",2015-10-20,278.130826665966
"1024",2015-10-21,194.691578666176
"1025",2015-10-22,136.284105066324
"1026",2015-10-23,95.3988735464265
"1027",2015-10-24,66.7792114824985
"1028",2015-10-25,46.745448037749
"1029",2015-10-26,32.7218136264243
"1030",2015-10-27,23613.1497527936
"1031",2015-10-28,38370.5092269555
"1032",2015-10-29,26859.3564588688
"1033",2015-10-30,18801.5495212082
"1034",2015-10-31,13161.0846648457
"1035",2015-11-01,9212.75926539202
"1036",2015-11-02,7534.73882418667
"1037",2015-11-03,5274.31717693067
"1038",2015-11-04,3692.02202385147
"1039",2015-11-05,2584.41541669603
"1040",2015-11-06,1809.09079168722
"1041",2015-11-07,2970.7535336398
"1042",2015-11-08,2079.52747354786
"1043",2015-11-09,24176.87093002
"1044",2015-11-10,17625.784451014
"1045",2015-11-11,12338.0491157098
"1046",2015-11-12,8636.63438099686
"1047",2015-11-13,6045.6440666978
"1048",2015-11-14,4231.95084668846
"1049",2015-11-15,2962.36559268192
"1050",2015-11-16,2073.65591487735
"1051",2015-11-17,1451.55914041414
"1052",2015-11-18,10429.337753492
"1053",2015-11-19,29119.3678558194
"1054",2015-11-20,20383.5574990736
"1055",2015-11-21,14268.4902493515
"1056",2015-11-22,9987.94317454604
"1057",2015-11-23,6991.56022218223
"1058",2015-11-24,4894.09215552756
"1059",2015-11-25,3425.86450886929
"1060",2015-11-26,2398.1051562085
"1061",2015-11-27,1678.67360934595
"1062",2015-11-28,1175.07152654217
"1063",2015-11-29,1848.88574374146
"1064",2015-11-30,12072.9415607859
"1065",2015-12-01,24036.0164641751
"1066",2015-12-02,25501.1515249226
"1067",2015-12-03,17850.8060674458
"1068",2015-12-04,12495.5642472121
"1069",2015-12-05,8746.89497304845
"1070",2015-12-06,6122.82648113391
"1071",2015-12-07,4616.50796215711
"1072",2015-12-08,3231.55557350998
"1073",2015-12-09,2262.08890145699
"1074",2015-12-10,1583.46223101989
"1075",2015-12-11,1108.42356171392
"1076",2015-12-12,775.896493199746
"1077",2015-12-13,543.127545239823
"1078",2015-12-14,514.928254984316
"1079",2015-12-15,360.449778489021
"1080",2015-12-16,252.314844942315
"1081",2015-12-17,13949.9954686215
"1082",2015-12-18,9764.99682803509
"1083",2015-12-19,6835.49777962456
"1084",2015-12-20,4784.84844573719
"1085",2015-12-21,3606.93130692902
"1086",2015-12-22,5608.43748994571
"1087",2015-12-23,13666.113042962
"1088",2015-12-24,20428.5015300734
"1089",2015-12-25,16435.2946710514
"1090",2015-12-26,11904.861869736
"1091",2015-12-27,8333.40330881518
"1092",2015-12-28,9869.89246266052
"1093",2015-12-29,9713.55512386236
"1094",2015-12-30,8525.14258670366
"1095",2015-12-31,5967.59981069256
"1096",2016-01-01,4177.31986748479
"1097",2016-01-02,2924.12390723935
"1098",2016-01-03,2046.88673506755
"1099",2016-01-04,1432.82071454728
"1100",2016-01-05,1002.9745001831
"1101",2016-01-06,702.082150128169
"1102",2016-01-07,491.457505089718
"1103",2016-01-08,2202.85817327577
"1104",2016-01-09,10187.7697336051
"1105",2016-01-10,9581.26821352355
"1106",2016-01-11,6706.88774946649
"1107",2016-01-12,4694.82142462654
"1108",2016-01-13,3286.37499723858
"1109",2016-01-14,2300.46249806701
"1110",2016-01-15,9188.48738469225
"1111",2016-01-16,6431.94116928458
"1112",2016-01-17,4732.75348987555
"1113",2016-01-18,3312.92744291289
"1114",2016-01-19,2319.04921003902
"1115",2016-01-20,1623.33444702732
"1116",2016-01-21,1136.33411291912
"1117",2016-01-22,21966.632410909
"1118",2016-01-23,20174.9815271193
"1119",2016-01-24,14122.4870689835
"1120",2016-01-25,9885.74094828845
"1121",2016-01-26,6920.01866380192
"1122",2016-01-27,4844.01306466134
"1123",2016-01-28,3390.80914526294
"1124",2016-01-29,2373.56640168406
"1125",2016-01-30,1661.49648117884
"1126",2016-01-31,1388.89701780892
"1127",2016-02-01,16722.8577300873
"1128",2016-02-02,17131.3080817468
"1129",2016-02-03,31375.3548572228
"1130",2016-02-04,21962.7484000559
"1131",2016-02-05,15373.9238800392
"1132",2016-02-06,10761.7467160274
"1133",2016-02-07,7533.22270121919
"1134",2016-02-08,5429.27187677251
"1135",2016-02-09,3800.49031374076
"1136",2016-02-10,2660.34321961853
"1137",2016-02-11,1862.24025373297
"1138",2016-02-12,1303.56817761308
"1139",2016-02-13,912.497724329156
"1140",2016-02-14,1557.18307715458
"1141",2016-02-15,17769.1333584251
"1142",2016-02-16,31425.4368889639
"1143",2016-02-17,21997.8058222747
"1144",2016-02-18,15398.4640755923
"1145",2016-02-19,10778.9248529146
"1146",2016-02-20,11601.4376603075
"1147",2016-02-21,36416.7475265553
"1148",2016-02-22,25491.7232685887
"1149",2016-02-23,27469.8580093099
"1150",2016-02-24,30491.2788902669
"1151",2016-02-25,21343.8952231868
"1152",2016-02-26,14940.7266562308
"1153",2016-02-27,10458.5086593616
"1154",2016-02-28,7320.95606155309
"1155",2016-02-29,5124.66924308716
"1156",2016-03-01,6090.94064461446
"1157",2016-03-02,4263.65845123012
"1158",2016-03-03,3322.22443581158
"1159",2016-03-04,2325.55710506811
"1160",2016-03-05,1627.88997354768
"1161",2016-03-06,1139.52298148337
"1162",2016-03-07,797.666087038362
"1163",2016-03-08,558.366260926853
"1164",2016-03-09,390.856382648797
"1165",2016-03-10,273.599467854158
"1166",2016-03-11,191.519627497911
"1167",2016-03-12,134.063739248537
"1168",2016-03-13,2022.83350325658
"1169",2016-03-14,17878.0142597885
"1170",2016-03-15,12514.6099818519
"1171",2016-03-16,8760.22698729635
"1172",2016-03-17,6132.15889110744
"1173",2016-03-18,4292.51122377521
"1174",2016-03-19,7620.86155908908
"1175",2016-03-20,5334.60309136235
"1176",2016-03-21,3734.22216395365
"1177",2016-03-22,2613.95551476755
"1178",2016-03-23,1829.76886033729
"1179",2016-03-24,1280.8382022361
"1180",2016-03-25,896.586741565271
"1181",2016-03-26,627.61071909569
"1182",2016-03-27,1078.2975752064
"1183",2016-03-28,3114.831223127
"1184",2016-03-29,2180.3818561889
"1185",2016-03-30,1526.26729933223
"1186",2016-03-31,1068.38710953256
"1187",2016-04-01,3900.79444436125
"1188",2016-04-02,2730.55611105288
"1189",2016-04-03,1911.38927773701
"1190",2016-04-04,1337.97249441591
"1191",2016-04-05,936.580746091137
"1192",2016-04-06,655.606522263796
"1193",2016-04-07,2455.98568025947
"1194",2016-04-08,1719.18997618163
"1195",2016-04-09,1203.43298332714
"1196",2016-04-10,842.403088328998
"1197",2016-04-11,589.682161830299
"1198",2016-04-12,412.777513281209
"1199",2016-04-13,288.944259296846
"1200",2016-04-14,202.260981507793
"1201",2016-04-15,141.582687055455
"1202",2016-04-16,99.1078809388183
"1203",2016-04-17,69.3755166571728
"1204",2016-04-18,48.562861660021
"1205",2016-04-19,33.9940031620147
"1206",2016-04-20,23.7958022134103
"1207",2016-04-21,16.6570615493872
"1208",2016-04-22,5906.38683545166
"1209",2016-04-23,4134.47078481616
"1210",2016-04-24,2894.12954937131
"1211",2016-04-25,2025.89068455992
"1212",2016-04-26,1418.12347919194
"1213",2016-04-27,3547.00862295701
"1214",2016-04-28,5469.47673906915
"1215",2016-04-29,3828.6337173484
"1216",2016-04-30,3690.00700360107
"1217",2016-05-01,18903.7208712137
"1218",2016-05-02,16740.8442098496
"1219",2016-05-03,11718.5909468947
"1220",2016-05-04,8203.0136628263
"1221",2016-05-05,18748.8098874441
"1222",2016-05-06,13124.1669212109
"1223",2016-05-07,9186.9168448476
"1224",2016-05-08,6430.84179139332
"1225",2016-05-09,4501.58925397532
"1226",2016-05-10,4223.87828398827
"1227",2016-05-11,15227.621396132
"1228",2016-05-12,15485.7181772924
"1229",2016-05-13,10840.0027241047
"1230",2016-05-14,7588.00190687329
"1231",2016-05-15,5311.6013348113
"1232",2016-05-16,3718.12093436791
"1233",2016-05-17,3685.2644465965
"1234",2016-05-18,2579.68511261755
"1235",2016-05-19,1805.77957883229
"1236",2016-05-20,2803.66154076213
"1237",2016-05-21,9884.74412297122
"1238",2016-05-22,6919.32088607985
"1239",2016-05-23,4843.5246202559
"1240",2016-05-24,3390.46723417913
"1241",2016-05-25,2373.32706392539
"1242",2016-05-26,1661.32894474777
"1243",2016-05-27,1162.93026132344
"1244",2016-05-28,814.051182926409
"1245",2016-05-29,4808.7019693649
"1246",2016-05-30,3366.09137855543
"1247",2016-05-31,2356.2639649888
"1248",2016-06-01,1649.38477549216
"1249",2016-06-02,2258.84404417719
"1250",2016-06-03,1581.19083092403
"1251",2016-06-04,8395.08585812446
"1252",2016-06-05,5876.56010068712
"1253",2016-06-06,4113.59207048098
"1254",2016-06-07,2879.51444933669
"1255",2016-06-08,2015.66011453568
"1256",2016-06-09,1410.96208017498
"1257",2016-06-10,987.673456122485
"1258",2016-06-11,691.371419285739
"1259",2016-06-12,483.959993500017
"1260",2016-06-13,338.771995450012
"1261",2016-06-14,237.140396815009
"1262",2016-06-15,19958.8182640497
"1263",2016-06-16,18981.158202635
"1264",2016-06-17,13286.8107418445
"1265",2016-06-18,9300.76751929116
"1266",2016-06-19,6510.53726350381
"1267",2016-06-20,4557.37608445267
"1268",2016-06-21,3190.16325911687
"1269",2016-06-22,2233.11428138181
"1270",2016-06-23,30564.603787297
"1271",2016-06-24,24038.8646511079
"1272",2016-06-25,16827.2052557755
"1273",2016-06-26,11779.0436790429
"1274",2016-06-27,9264.62767471848
"1275",2016-06-28,6485.23937230294
"1276",2016-06-29,4539.66756061206
"1277",2016-06-30,3177.76729242844
"1278",2016-07-01,2224.43710469991
"1279",2016-07-02,8670.38412031954
"1280",2016-07-03,6069.26888422368
"1281",2016-07-04,15354.226897253
"1282",2016-07-05,10747.9588280771
"1283",2016-07-06,7523.57117965397
"1284",2016-07-07,5266.49982575778
"1285",2016-07-08,3929.13186076775
"1286",2016-07-09,2750.39230253743
"1287",2016-07-10,1925.2746117762
"1288",2016-07-11,1347.69222824334
"1289",2016-07-12,8520.51861187452
"1290",2016-07-13,5964.36302831216
"1291",2016-07-14,4175.05411981851
"1292",2016-07-15,2922.53788387296
"1293",2016-07-16,2045.77651871107
"1294",2016-07-17,1432.04356309775
"1295",2016-07-18,1002.43049416842
"1296",2016-07-19,701.701345917898
"1297",2016-07-20,491.190942142528
"1298",2016-07-21,343.83365949977
"1299",2016-07-22,240.683561649839
"1300",2016-07-23,168.478493154887
"1301",2016-07-24,117.934945208421
"1302",2016-07-25,1987.82668993571
"1303",2016-07-26,1391.47868295499
"1304",2016-07-27,7884.76500171294
"1305",2016-07-28,20343.1724656678
"1306",2016-07-29,14240.2207259674
"1307",2016-07-30,9968.15450817721
"1308",2016-07-31,14188.1351199897
"1309",2016-08-01,9931.69458399276
"1310",2016-08-02,13012.8765942076
"1311",2016-08-03,23167.8500159453
"1312",2016-08-04,23629.4990111617
"1313",2016-08-05,22826.2793078132
"1314",2016-08-06,15978.3955154693
"1315",2016-08-07,11184.8768608285
"1316",2016-08-08,9385.3685025668
"1317",2016-08-09,8977.75808345193
"1318",2016-08-10,6284.43065841635
"1319",2016-08-11,4399.10146089145
"1320",2016-08-12,3079.37102262401
"1321",2016-08-13,2155.55971583681
"1322",2016-08-14,1508.89180108577
"1323",2016-08-15,8953.34439387677
"1324",2016-08-16,6267.34107571374
"1325",2016-08-17,4387.13875299962
"1326",2016-08-18,3070.99712709973
"1327",2016-08-19,2149.69798896981
"1328",2016-08-20,2820.61446532766
"1329",2016-08-21,2449.60002943536
"1330",2016-08-22,1714.72002060475
"1331",2016-08-23,1200.30401442333
"1332",2016-08-24,840.212810096329
"1333",2016-08-25,588.14896706743
"1334",2016-08-26,411.704276947201
"1335",2016-08-27,288.192993863041
"1336",2016-08-28,201.735095704129
"1337",2016-08-29,141.21456699289
"1338",2016-08-30,98.850196895023
"1339",2016-08-31,8342.9419703393
"1340",2016-09-01,9715.9266093692
"1341",2016-09-02,6801.14862655844
"1342",2016-09-03,4760.80403859091
"1343",2016-09-04,3332.56282701364
"1344",2016-09-05,2332.79397890954
"1345",2016-09-06,1632.95578523668
"1346",2016-09-07,1143.06904966568
"1347",2016-09-08,800.148334765974
"1348",2016-09-09,560.103834336182
"1349",2016-09-10,392.072684035327
"1350",2016-09-11,274.450878824729
"1351",2016-09-12,192.11561517731
"1352",2016-09-13,134.480930624117
"1353",2016-09-14,94.1366514368821
"1354",2016-09-15,65.8956560058174
"1355",2016-09-16,46.1269592040722
"1356",2016-09-17,32.2888714428505
"1357",2016-09-18,22.6022100099954
"1358",2016-09-19,7031.61417361723
"1359",2016-09-20,4922.12992153206
"1360",2016-09-21,3445.49094507244
"1361",2016-09-22,2411.84366155071
"1362",2016-09-23,1688.2905630855
"1363",2016-09-24,1181.80339415985
"1364",2016-09-25,827.262375911893
"1365",2016-09-26,9265.18087952485
"1366",2016-09-27,12835.5814112974
"1367",2016-09-28,27151.0169175414
"1368",2016-09-29,31975.493042279
"1369",2016-09-30,40497.5813295953
"1370",2016-10-01,28348.3069307167
"1371",2016-10-02,19843.8148515017
"1372",2016-10-03,13890.6703960512
"1373",2016-10-04,9723.46927723584
"1374",2016-10-05,6806.42849406509
"1375",2016-10-06,4764.49994584556
"1376",2016-10-07,40343.573831586
"1377",2016-10-08,62464.8376821102
"1378",2016-10-09,43725.3863774772
"1379",2016-10-10,30607.770464234
"1380",2016-10-11,21425.4393249638
"1381",2016-10-12,14997.8075274747
"1382",2016-10-13,10498.4652692323
"1383",2016-10-14,7348.92568846259
"1384",2016-10-15,5144.24798192381
"1385",2016-10-16,3600.97358734667
"1386",2016-10-17,2520.68151114267
"1387",2016-10-18,1764.47705779987
"1388",2016-10-19,1235.13394045991
"1389",2016-10-20,864.593758321935
"1390",2016-10-21,1354.1360238661
"1391",2016-10-22,947.895216706269
"1392",2016-10-23,663.526651694388
"1393",2016-10-24,464.468656186072
"1394",2016-10-25,325.12805933025
"1395",2016-10-26,227.589641531175
"1396",2016-10-27,159.312749071823
"1397",2016-10-28,111.518924350276
"1398",2016-10-29,78.0632470451931
"1399",2016-10-30,54.6442729316352
"1400",2016-10-31,38.2509910521446
"1401",2016-11-01,26.7756937365012
"1402",2016-11-02,18.7429856155509
"1403",2016-11-03,13.1200899308856
"1404",2016-11-04,9.18406295161992
"1405",2016-11-05,6.42884406613395
"1406",2016-11-06,4.50019084629376
"1407",2016-11-07,3.15013359240563
"1408",2016-11-08,2.20509351468394
"1409",2016-11-09,1.54356546027876
"1410",2016-11-10,1.08049582219513
"1411",2016-11-11,0.756347075536593
"1412",2016-11-12,0.529442952875615
"1413",2016-11-13,0.37061006701293
"1414",2016-11-14,0.259427046909051
"1415",2016-11-15,0.181598932836336
"1416",2016-11-16,0.127119252985435
"1417",2016-11-17,0.0889834770898046
"1418",2016-11-18,0.0622884339628632
"1419",2016-11-19,0.0436019037740043
"1420",2016-11-20,0.030521332641803
"1421",2016-11-21,0.0213649328492621
"1422",2016-11-22,0.0149554529944835
"1423",2016-11-23,0.0104688170961384
"1424",2016-11-24,0.0073281719672969
"1425",2016-11-25,0.00512972037710783
"1426",2016-11-26,0.00359080426397548
"1427",2016-11-27,0.00251356298478284
"1428",2016-11-28,0.00175949408934798
"1429",2016-11-29,9511.37016766444
"1430",2016-11-30,17264.139151953
"1431",2016-12-01,12084.8974063671
"1432",2016-12-02,8459.42818445698
"1433",2016-12-03,5921.59972911988
"1434",2016-12-04,7455.54174385971
"1435",2016-12-05,6250.1856207018
"1436",2016-12-06,28849.7254182413
"1437",2016-12-07,20194.8077927689
"1438",2016-12-08,14136.3654549382
"1439",2016-12-09,9895.45581845675
"1440",2016-12-10,6926.81907291973
"1441",2016-12-11,4848.77335104381
"1442",2016-12-12,5205.72470252352
"1443",2016-12-13,3644.00729176647
"1444",2016-12-14,2550.80510423653
"1445",2016-12-15,1785.56357296557
"1446",2016-12-16,1249.8945010759
"1447",2016-12-17,874.926150753128
"1448",2016-12-18,1525.62702833263
"1449",2016-12-19,1067.93891983284
"1450",2016-12-20,747.557243882987
"1451",2016-12-21,523.290070718091
"1452",2016-12-22,366.303049502664
"1453",2016-12-23,256.412134651865
"1454",2016-12-24,9555.99231714829
"1455",2016-12-25,6689.1946220038
"1456",2016-12-26,4682.43623540266
"1457",2016-12-27,3277.70536478186
"1458",2016-12-28,2294.39375534731
"1459",2016-12-29,5924.92738800084
"1460",2016-12-30,4147.44917160059
"1461",2016-12-31,2903.21442012041
"1462",2017-01-01,2032.25009408429
"1463",2017-01-02,3264.49273827278
"1464",2017-01-03,10466.4065167909
"1465",2017-01-04,7326.48456175366
"1466",2017-01-05,5128.53919322756
"1467",2017-01-06,3640.92720436271
"1468",2017-01-07,9514.05303178224
"1469",2017-01-08,6659.83712224757
"1470",2017-01-09,4661.8859855733
"1471",2017-01-10,3295.56769297095
"1472",2017-01-11,5293.06444884717
"1473",2017-01-12,6892.08080803027
"1474",2017-01-13,4824.45656562119
"1475",2017-01-14,6219.03159400104
"1476",2017-01-15,4919.64171580073
"1477",2017-01-16,3850.98720106051
"1478",2017-01-17,5118.14424074236
"1479",2017-01-18,4096.44736851965
"1480",2017-01-19,2867.51315796376
"1481",2017-01-20,6917.15598377773
"1482",2017-01-21,8317.01598864441
"1483",2017-01-22,8323.90519205109
"1484",2017-01-23,38136.6427181858
"1485",2017-01-24,26695.64990273
"1486",2017-01-25,18686.954931911
"1487",2017-01-26,13080.8684523377
"1488",2017-01-27,9156.6079166364
"1489",2017-01-28,6409.62554164548
"1490",2017-01-29,5757.03254072023
"1491",2017-01-30,4029.92277850416
"1492",2017-01-31,2820.94594495291
"1493",2017-02-01,1974.66216146704
"1494",2017-02-02,1382.26351302693
"1495",2017-02-03,967.58445911885
"1496",2017-02-04,677.309121383195
"1497",2017-02-05,474.116384968236
"1498",2017-02-06,331.881469477765
"1499",2017-02-07,232.317028634436
"1500",2017-02-08,644.861757330066
"1501",2017-02-09,2085.5491065134
"1502",2017-02-10,1459.88437455938
"1503",2017-02-11,1021.91906219156
"1504",2017-02-12,715.343343534095
"1505",2017-02-13,500.740340473867
"1506",2017-02-14,350.518238331707
"1507",2017-02-15,1755.46112470733
"1508",2017-02-16,1228.82278729513
"1509",2017-02-17,860.175951106594
"1510",2017-02-18,602.123165774616
"1511",2017-02-19,421.486216042231
"1512",2017-02-20,295.040351229562
"1513",2017-02-21,206.528245860693
"1514",2017-02-22,3196.56606053801
"1515",2017-02-23,2237.59624237661
"1516",2017-02-24,1566.31736966363
"1517",2017-02-25,1096.42215876454
"1518",2017-02-26,767.495511135177
"1519",2017-02-27,537.246857794624
"1520",2017-02-28,2177.1833205465
"1521",2017-03-01,4413.29084439121
"1522",2017-03-02,3089.30359107384
"1523",2017-03-03,2162.51251375169
"1524",2017-03-04,1513.75875962618
"1525",2017-03-05,1059.63113173833
"1526",2017-03-06,741.74179221683
"1527",2017-03-07,1845.53171076158
"1528",2017-03-08,1291.8721975331
"1529",2017-03-09,904.310538273173
"1530",2017-03-10,633.017376791221
"1531",2017-03-11,443.112163753855
"1532",2017-03-12,310.178514627698
"1533",2017-03-13,1245.67122838155
"1534",2017-03-14,3845.03012030112
"1535",2017-03-15,2691.52108421078
"1536",2017-03-16,1884.06475894755
"1537",2017-03-17,5459.32871496654
"1538",2017-03-18,3821.53010047658
"1539",2017-03-19,2675.0710703336
"1540",2017-03-20,1872.54974923352
"1541",2017-03-21,1310.78482446347
"1542",2017-03-22,917.549377124426
"1543",2017-03-23,642.284563987098
"1544",2017-03-24,449.599194790969
"1545",2017-03-25,314.719436353678
"1546",2017-03-26,220.303605447575
"1547",2017-03-27,154.212523813302
"1548",2017-03-28,4145.46654785346
"1549",2017-03-29,2901.82658349742
"1550",2017-03-30,2031.2786084482
"1551",2017-03-31,15651.8341080399
"1552",2017-04-01,10956.2838756279
"1553",2017-04-02,7669.39871293954
"1554",2017-04-03,14609.3968988159
"1555",2017-04-04,10226.5778291711
"1556",2017-04-05,7158.60448041977
"1557",2017-04-06,9112.75293478895
"1558",2017-04-07,6378.92705435227
"1559",2017-04-08,4465.24893804659
"1560",2017-04-09,3125.67425663261
"1561",2017-04-10,2187.97197964283
"1562",2017-04-11,1531.58038574998
"1563",2017-04-12,1072.10627002499
"1564",2017-04-13,750.47438901749
"1565",2017-04-14,525.332072312243
"1566",2017-04-15,3655.42250270884
"1567",2017-04-16,2558.79575189619
"1568",2017-04-17,1791.15702632733
"1569",2017-04-18,1253.80991842913
"1570",2017-04-19,2851.07161429255
"1571",2017-04-20,2984.42741979146
"1572",2017-04-21,2089.09919385402
"1573",2017-04-22,8297.05687482411
"1574",2017-04-23,20588.6508360447
"1575",2017-04-24,43197.2445852313
"1576",2017-04-25,39669.9212096619
"1577",2017-04-26,27768.9448467634
"1578",2017-04-27,19438.2613927343
"1579",2017-04-28,13606.782974914
"1580",2017-04-29,9524.74808243983
"1581",2017-04-30,6667.32365770788
"1582",2017-05-01,5626.74864502468
"1583",2017-05-02,3938.72405151727
"1584",2017-05-03,2757.10683606209
"1585",2017-05-04,10096.2877303495
"1586",2017-05-05,35330.4154138688
"1587",2017-05-06,24731.2907897082
"1588",2017-05-07,17311.9035527957
"1589",2017-05-08,12118.332486957
"1590",2017-05-09,13544.3134886704
"1591",2017-05-10,9481.01944206925
"1592",2017-05-11,6636.71360944848
"1593",2017-05-12,17270.9354733865
"1594",2017-05-13,12089.6548313705
"1595",2017-05-14,8462.75838195937
"1596",2017-05-15,5923.93086737156
"1597",2017-05-16,4146.75160716009
"1598",2017-05-17,2902.72612501206
"1599",2017-05-18,2031.90828750844
"1600",2017-05-19,1422.33580125591
"1601",2017-05-20,9957.54560449808
"1602",2017-05-21,7556.64028467671
"1603",2017-05-22,10319.6953424054
"1604",2017-05-23,27488.9087114385
"1605",2017-05-24,37091.9270980069
"1606",2017-05-25,29458.1513686049
"1607",2017-05-26,20620.7059580234
"1608",2017-05-27,14434.4941706164
"1609",2017-05-28,10104.1459194315
"1610",2017-05-29,7072.90214360203
"1611",2017-05-30,4951.03150052142
"1612",2017-05-31,3465.72205036499
"1613",2017-06-01,2426.0054352555
"1614",2017-06-02,1698.20380467885
"1615",2017-06-03,1188.74266327519
"1616",2017-06-04,2704.64642658697
"1617",2017-06-05,11426.049365992
"1618",2017-06-06,7998.23455619438
"1619",2017-06-07,5598.76418933607
"1620",2017-06-08,3919.13493253525
"1621",2017-06-09,2743.39445277467
"1622",2017-06-10,1920.37611694227
"1623",2017-06-11,1344.26328185959
"1624",2017-06-12,940.984297301713
"1625",2017-06-13,6426.54071197209
"1626",2017-06-14,6296.76005766288
"1627",2017-06-15,20783.0960303722
"1628",2017-06-16,15875.3000212605
"1629",2017-06-17,20675.8570986324
"1630",2017-06-18,14473.0999690427
"1631",2017-06-19,15565.7829859899
"1632",2017-06-20,10896.0480901929
"1633",2017-06-21,7627.23366313504
"1634",2017-06-22,5339.06356419453
"1635",2017-06-23,3737.34449493617
"1636",2017-06-24,2616.14114645532
"1637",2017-06-25,1831.29880251872
"1638",2017-06-26,1281.90916176311
"1639",2017-06-27,897.336413234174
"1640",2017-06-28,628.135489263922
"1641",2017-06-29,439.694842484745
"1642",2017-06-30,307.786389739322
"1643",2017-07-01,215.450472817525
"1644",2017-07-02,150.815330972268
"1645",2017-07-03,105.570731680587
"1646",2017-07-04,983.226579637567
"1647",2017-07-05,6495.3015285994
"1648",2017-07-06,4546.71107001958
"1649",2017-07-07,3182.6977490137
"1650",2017-07-08,2227.88842430959
"1651",2017-07-09,1559.52189701672
"1652",2017-07-10,1091.6653279117
"1653",2017-07-11,764.16572953819
"1654",2017-07-12,534.916010676733
"1655",2017-07-13,855.634481058352
"1656",2017-07-14,598.944136740846
"1657",2017-07-15,419.260895718593
"1658",2017-07-16,293.482627003015
"1659",2017-07-17,205.43783890211
"1660",2017-07-18,7837.63430365223
"1661",2017-07-19,5486.34401255656
"1662",2017-07-20,3840.44080878959
"1663",2017-07-21,2688.30856615272
"1664",2017-07-22,1881.8159963069
"1665",2017-07-23,1317.27119741483
"1666",2017-07-24,19068.2371144995
"1667",2017-07-25,13347.7659801497
"1668",2017-07-26,9343.43618610477
"1669",2017-07-27,6540.40533027334
"1670",2017-07-28,6565.00059800473
"1671",2017-07-29,4719.2161756442
"1672",2017-07-30,3303.45132295094
"1673",2017-07-31,2312.41592606566
"1674",2017-08-01,1618.69114824596
"1675",2017-08-02,4147.55942361062
"1676",2017-08-03,2903.29159652744
"1677",2017-08-04,2032.3041175692
"1678",2017-08-05,1422.61288229844
"1679",2017-08-06,995.82901760891
"1680",2017-08-07,11163.401223227
"1681",2017-08-08,7814.38085625887
"1682",2017-08-09,5470.06659938121
"1683",2017-08-10,3829.04661956685
"1684",2017-08-11,2680.33263369679
"1685",2017-08-12,1876.23284358776
"1686",2017-08-13,1313.36299051143
"1687",2017-08-14,919.354093358
"1688",2017-08-15,1185.7723459384
"1689",2017-08-16,830.040642156883
"1690",2017-08-17,581.028449509818
"1691",2017-08-18,406.719914656873
"1692",2017-08-19,284.703940259811
"1693",2017-08-20,199.292758181868
"1694",2017-08-21,2327.67871209887
"1695",2017-08-22,1629.37509846921
"1696",2017-08-23,1140.56256892845
"1697",2017-08-24,798.393798249913
"1698",2017-08-25,558.875658774939
"1699",2017-08-26,391.212961142457
"1700",2017-08-27,273.84907279972
"1701",2017-08-28,191.694350959804
"1702",2017-08-29,7288.45196734672
"1703",2017-08-30,5101.9163771427
"1704",2017-08-31,3571.34146399989
"1705",2017-09-01,16030.1515213618
"1706",2017-09-02,14491.0931983617
"1707",2017-09-03,10143.7652388532
"1708",2017-09-04,7100.63566719722
"1709",2017-09-05,4970.44496703805
"1710",2017-09-06,12280.6206386659
"1711",2017-09-07,8596.43444706614
"1712",2017-09-08,6017.50411294629
"1713",2017-09-09,4212.25287906241
"1714",2017-09-10,2948.57701534368
"1715",2017-09-11,2064.00391074058
"1716",2017-09-12,16496.8353085586
"1717",2017-09-13,11547.7847159911
"1718",2017-09-14,8083.44930119374
"1719",2017-09-15,5658.41451083562
"1720",2017-09-16,3960.89015758493
"1721",2017-09-17,2772.62311030945
"1722",2017-09-18,1940.83617721662
"1723",2017-09-19,1358.58532405163
"1724",2017-09-20,951.009726836142
"1725",2017-09-21,665.7068087853
"1726",2017-09-22,465.99476614971
"1727",2017-09-23,326.196336304797
"1728",2017-09-24,228.337435413358
"1729",2017-09-25,159.83620478935
"1730",2017-09-26,111.885343352545
"1731",2017-09-27,78.3197403467817
"1732",2017-09-28,54.8238182427472
"1733",2017-09-29,38.376672769923
"1734",2017-09-30,26.8636709389461
"1735",2017-10-01,18.8045696572623
"1736",2017-10-02,13.1631987600836
"1737",2017-10-03,9.21423913205853
"1738",2017-10-04,6.44996739244097
"1739",2017-10-05,4.51497717470868
"1740",2017-10-06,3.16048402229607
"1741",2017-10-07,2.21233881560725
"1742",2017-10-08,6809.27775515745
"1743",2017-10-09,22066.3355770756
"1744",2017-10-10,15446.434903953
"1745",2017-10-11,21619.6938160319
"1746",2017-10-12,15133.7856712223
"1747",2017-10-13,10593.6499698556
"1748",2017-10-14,7415.55497889893
"1749",2017-10-15,5190.88848522925
"1750",2017-10-16,3633.62193966048
"1751",2017-10-17,2543.53535776233
"1752",2017-10-18,1780.47475043363
"1753",2017-10-19,1246.33232530354
"1754",2017-10-20,872.432627712481
"1755",2017-10-21,610.702839398737
"1756",2017-10-22,427.491987579116
"1757",2017-10-23,28338.1123336978
"1758",2017-10-24,19836.6786335884
"1759",2017-10-25,13885.6750435119
"1760",2017-10-26,9719.97253045834
"1761",2017-10-27,6803.98077132084
"1762",2017-10-28,6092.82949683995
"1763",2017-10-29,11726.3507558633
"1764",2017-10-30,8208.44552910431
"1765",2017-10-31,5745.91187037302
"1766",2017-11-01,4022.13830926111
"1767",2017-11-02,2815.49681648278
"1768",2017-11-03,1970.84777153795
"1769",2017-11-04,5902.65986016208
"1770",2017-11-05,4131.86190211346
"1771",2017-11-06,2892.30333147942
"1772",2017-11-07,2457.10475811449
"1773",2017-11-08,2514.40375415849
"1774",2017-11-09,3881.51968972316
"1775",2017-11-10,2717.06378280621
"1776",2017-11-11,1901.94464796435
"1777",2017-11-12,2826.42898137874
"1778",2017-11-13,1978.50028696512
"1779",2017-11-14,1384.95020087558
"1780",2017-11-15,969.465140612907
"1781",2017-11-16,678.625598429035
"1782",2017-11-17,475.037918900325
"1783",2017-11-18,332.526543230227
"1784",2017-11-19,1058.1645464774
"1785",2017-11-20,740.715182534182
"1786",2017-11-21,518.500627773927
"1787",2017-11-22,362.950439441749
"1788",2017-11-23,254.065307609224
"1789",2017-11-24,177.845715326457
"1790",2017-11-25,124.49200072852
"1791",2017-11-26,87.144400509964
"1792",2017-11-27,61.0010803569748
"1793",2017-11-28,42.7007562498824
"1794",2017-11-29,29.8905293749177
"1795",2017-11-30,20.9233705624424
"1796",2017-12-01,14.6463593937097
"1797",2017-12-02,10.2524515755968
"1798",2017-12-03,7.17671610291773
"1799",2017-12-04,5.02370127204241
"1800",2017-12-05,721.680392604609
"1801",2017-12-06,505.176274823227
"1802",2017-12-07,353.623392376259
"1803",2017-12-08,247.536374663381
"1804",2017-12-09,3230.83015815369
"1805",2017-12-10,2261.58111070758
"1806",2017-12-11,1583.10677749531
"1807",2017-12-12,1201.27972550718
"1808",2017-12-13,840.895807855023
"1809",2017-12-14,588.627065498516
"1810",2017-12-15,412.038945848961
"1811",2017-12-16,288.427262094273
"1812",2017-12-17,692.389570059629
"1813",2017-12-18,484.67269904174
"1814",2017-12-19,339.270889329218
"1815",2017-12-20,237.489622530453
"1816",2017-12-21,166.242735771317
"1817",2017-12-22,508.697893652914
"1818",2017-12-23,2693.22829289136
"1819",2017-12-24,2000.15372199942
"1820",2017-12-25,1400.10760539959
"1821",2017-12-26,980.075323779715
"1822",2017-12-27,686.052726645801
"1823",2017-12-28,480.236908652061
"1824",2017-12-29,336.165836056442
"1825",2017-12-30,235.31608523951
"1826",2017-12-31,164.721259667657
"1827",2018-01-01,115.30488176736
"1828",2018-01-02,80.7134172371518
"1829",2018-01-03,56.4993920660063
"1830",2018-01-04,39.5495744462044
"1831",2018-01-05,27.6847021123431
"1832",2018-01-06,19.3792914786402
"1833",2018-01-07,13.5655040350481
"1834",2018-01-08,1336.24788577907
"1835",2018-01-09,935.373520045346
"1836",2018-01-10,654.761464031742
"1837",2018-01-11,4186.07993393912
"1838",2018-01-12,14895.4528992227
"1839",2018-01-13,10660.6724294559
"1840",2018-01-14,7462.47070061913
"1841",2018-01-15,5223.72949043339
"1842",2018-01-16,3656.61064330338
"1843",2018-01-17,5523.37498750251
"1844",2018-01-18,3866.36249125176
"1845",2018-01-19,2706.45374387623
"1846",2018-01-20,2197.54949757882
"1847",2018-01-21,1538.28464830518
"1848",2018-01-22,1076.79925381362
"1849",2018-01-23,4859.13874388341
"1850",2018-01-24,3401.39712071838
"1851",2018-01-25,2380.97798450287
"1852",2018-01-26,1666.68458915201
"1853",2018-01-27,1166.67921240641
"1854",2018-01-28,8853.85274528014
"1855",2018-01-29,9674.7467216961
"1856",2018-01-30,6772.32270518727
"1857",2018-01-31,4740.62589363109
"1858",2018-02-01,3318.43812554176
"1859",2018-02-02,2322.90668787923
"1860",2018-02-03,1626.03468151546
"1861",2018-02-04,15663.6725851396
"1862",2018-02-05,10964.5708095977
"1863",2018-02-06,7675.19956671838
"1864",2018-02-07,23532.0864205671
"1865",2018-02-08,16472.460494397
"1866",2018-02-09,11530.7223460779
"1867",2018-02-10,26619.6964753491
"1868",2018-02-11,39039.3799823041
"1869",2018-02-12,27327.5659876128
"1870",2018-02-13,19779.8134933729
"1871",2018-02-14,13845.869445361
"1872",2018-02-15,9692.10861175271
"1873",2018-02-16,6784.4760282269
"1874",2018-02-17,6127.18016541154
"1875",2018-02-18,4289.02611578808
"1876",2018-02-19,5097.79336913028
"1877",2018-02-20,3568.4553583912
"1878",2018-02-21,2497.91875087384
"1879",2018-02-22,1748.54312561169
"1880",2018-02-23,1223.98018792818
"1881",2018-02-24,856.786131549727
"1882",2018-02-25,700.178499163577
"1883",2018-02-26,490.124949414504
"1884",2018-02-27,343.087464590153
"1885",2018-02-28,240.161225213107
"1886",2018-03-01,6278.83476115674
"1887",2018-03-02,4395.18433280972
"1888",2018-03-03,3076.6290329668
"1889",2018-03-04,2153.64032307676
"1890",2018-03-05,1507.54822615373
"1891",2018-03-06,1055.28375830761
"1892",2018-03-07,738.698630815329
"1893",2018-03-08,517.08904157073
"1894",2018-03-09,361.962329099511
"1895",2018-03-10,253.373630369658
"1896",2018-03-11,177.36154125876
"1897",2018-03-12,8152.43593006319
"1898",2018-03-13,5706.70515104423
"1899",2018-03-14,3994.69360573096
"1900",2018-03-15,2796.28552401167
"1901",2018-03-16,1957.39986680817
"1902",2018-03-17,6177.37848554518
"1903",2018-03-18,4324.16493988163
"1904",2018-03-19,3026.91545791714
"1905",2018-03-20,17418.5930320232
"1906",2018-03-21,16602.5582224162
"1907",2018-03-22,11621.7907556914
"1908",2018-03-23,8135.25352898395
"1909",2018-03-24,11766.6593614892
"1910",2018-03-25,8236.66155304241
"1911",2018-03-26,5765.66308712969
"1912",2018-03-27,6526.74390770598
"1913",2018-03-28,4568.72073539419
"1914",2018-03-29,3198.10451477593
"1915",2018-03-30,2238.67316034315
"1916",2018-03-31,1567.07121224021
"1917",2018-04-01,1096.94984856814
"1918",2018-04-02,767.864893997701
"1919",2018-04-03,537.505425798391
"1920",2018-04-04,376.253798058874
"1921",2018-04-05,263.377658641211
"1922",2018-04-06,184.364361048848
"1923",2018-04-07,2125.83407241302
"1924",2018-04-08,1488.08385068911
"1925",2018-04-09,1041.65869548238
"1926",2018-04-10,729.161086837665
"1927",2018-04-11,510.412760786365
"1928",2018-04-12,357.288932550456
"1929",2018-04-13,250.102252785319
"1930",2018-04-14,175.071576949723
"1931",2018-04-15,23436.2357973611
"1932",2018-04-16,17939.7942581528
"1933",2018-04-17,12557.8559807069
"1934",2018-04-18,8790.49918649486
"1935",2018-04-19,6153.3494305464
"1936",2018-04-20,4307.34460138248
"1937",2018-04-21,3015.14122096774
"1938",2018-04-22,2110.59885467742
"1939",2018-04-23,7334.53176841422
"1940",2018-04-24,40329.035933932
"1941",2018-04-25,38122.9397537524
"1942",2018-04-26,26992.5759276267
"1943",2018-04-27,18894.8031493387
"1944",2018-04-28,13226.3622045371
"1945",2018-04-29,9258.45354317595
"1946",2018-04-30,6480.91748022316
"1947",2018-05-01,4536.64223615621
"1948",2018-05-02,3175.64956530935
"1949",2018-05-03,2222.95469571654
"1950",2018-05-04,1556.06828700158
"1951",2018-05-05,1089.24780090111
"1952",2018-05-06,898.904543960149
"1953",2018-05-07,629.233180772104
"1954",2018-05-08,440.463226540473
"1955",2018-05-09,308.324258578331
"1956",2018-05-10,215.826981004832
"1957",2018-05-11,151.078886703382
"1958",2018-05-12,105.755220692368
"1959",2018-05-13,74.0286544846573
"1960",2018-05-14,51.8200581392601
"1961",2018-05-15,14762.7211111795
"1962",2018-05-16,22151.2849164606
"1963",2018-05-17,26335.0252415225
"1964",2018-05-18,26120.2836690657
"1965",2018-05-19,18284.198568346
"1966",2018-05-20,12798.9389978422
"1967",2018-05-21,8959.25729848954
"1968",2018-05-22,10218.080950486
"1969",2018-05-23,7152.65666534024
"1970",2018-05-24,5006.85966573817
"1971",2018-05-25,3504.80176601672
"1972",2018-05-26,6443.8739706418
"1973",2018-05-27,5612.853340437
"1974",2018-05-28,3928.9973383059
"1975",2018-05-29,2750.29813681413
"1976",2018-05-30,4317.71784412176
"1977",2018-05-31,4295.61353260145
"1978",2018-06-01,3006.92947282101
"1979",2018-06-02,2104.85063097471
"1980",2018-06-03,1473.3954416823
"1981",2018-06-04,1031.37680917761
"1982",2018-06-05,721.963766424325
"1983",2018-06-06,505.374636497028
"1984",2018-06-07,353.762245547919
"1985",2018-06-08,247.633571883544
"1986",2018-06-09,173.34350031848
"1987",2018-06-10,6495.57788029061
"1988",2018-06-11,4546.90451620342
"1989",2018-06-12,3182.8331613424
"1990",2018-06-13,2227.98321293968
"1991",2018-06-14,1559.58824905777
"1992",2018-06-15,1091.71177434044
"1993",2018-06-16,764.19824203831
"1994",2018-06-17,1092.19582137601
"1995",2018-06-18,764.537074963206
"1996",2018-06-19,535.175952474244
"1997",2018-06-20,374.623166731971
"1998",2018-06-21,952.182782797312
"1999",2018-06-22,948.979195502621
"2000",2018-06-23,664.285436851834
"2001",2018-06-24,464.999805796284
"2002",2018-06-25,720.985010241535
"2003",2018-06-26,7792.43275816647
"2004",2018-06-27,5454.70293071653
"2005",2018-06-28,3818.29205150157
"2006",2018-06-29,2672.8044360511
"2007",2018-06-30,1870.96310523577
"2008",2018-07-01,1309.67417366504
"2009",2018-07-02,1688.56238597931
"2010",2018-07-03,1181.99367018552
"2011",2018-07-04,827.395569129864
"2012",2018-07-05,579.176898390905
"2013",2018-07-06,15508.1457444814
"2014",2018-07-07,10855.702021137
"2015",2018-07-08,7598.99141479587
"2016",2018-07-09,5319.29399035711
"2017",2018-07-10,3723.50579324997
"2018",2018-07-11,2606.45405527498
"2019",2018-07-12,1824.51783869249
"2020",2018-07-13,1277.16248708474
"2021",2018-07-14,894.013740959319
"2022",2018-07-15,625.809618671523
"2023",2018-07-16,2951.05632705543
"2024",2018-07-17,2295.29697449266
"2025",2018-07-18,1606.70788214486
"2026",2018-07-19,1124.69551750141
"2027",2018-07-20,787.286862250984
"2028",2018-07-21,6981.84547498081
"2029",2018-07-22,10108.7483094685
"2030",2018-07-23,14786.95684225
"2031",2018-07-24,15593.4596775795
"2032",2018-07-25,18993.9885743056
"2033",2018-07-26,13295.7920020139
"2034",2018-07-27,9307.05440140976
"2035",2018-07-28,6514.93808098683
"2036",2018-07-29,4560.45665669078
"2037",2018-07-30,6983.30726653658
"2038",2018-07-31,4888.31508657561
"2039",2018-08-01,4387.83875575465
"2040",2018-08-02,14075.2527339113
"2041",2018-08-03,11524.8043137379
"2042",2018-08-04,8067.36301961656
"2043",2018-08-05,5647.15411373159
"2044",2018-08-06,3953.00787961212
"2045",2018-08-07,2767.10551572848
"2046",2018-08-08,1936.97386100994
"2047",2018-08-09,1355.88170270696
"2048",2018-08-10,949.117191894869
"2049",2018-08-11,664.382034326408
"2050",2018-08-12,465.067424028486
"2051",2018-08-13,325.54719681994
"2052",2018-08-14,227.883037773958
"2053",2018-08-15,159.518126441771
"2054",2018-08-16,111.662688509239
"2055",2018-08-17,78.1638819564676
"2056",2018-08-18,4918.78118494294
"2057",2018-08-19,3831.04683227008
"2058",2018-08-20,2681.73278258906
"2059",2018-08-21,17149.4036745609
"2060",2018-08-22,12004.5825721926
"2061",2018-08-23,8403.20780053483
"2062",2018-08-24,5882.24546037438
"2063",2018-08-25,4117.57182226207
"2064",2018-08-26,2882.30027558345
"2065",2018-08-27,2017.61019290841
"2066",2018-08-28,1412.32713503589
"2067",2018-08-29,988.628994525122
"2068",2018-08-30,1676.50147921266
"2069",2018-08-31,1173.55103544886
"2070",2018-09-01,1463.84090682797
"2071",2018-09-02,1024.68863477958
"2072",2018-09-03,717.282044345704
"2073",2018-09-04,502.097431041993
"2074",2018-09-05,351.468201729395
"2075",2018-09-06,246.027741210576
"2076",2018-09-07,172.219418847403
"2077",2018-09-08,4737.72740840797
"2078",2018-09-09,9169.60135435834
"2079",2018-09-10,10708.3022848763
"2080",2018-09-11,12564.4240138063
"2081",2018-09-12,20252.2859542707
"2082",2018-09-13,14176.6001679895
"2083",2018-09-14,10515.1430213635
"2084",2018-09-15,13072.933369824
"2085",2018-09-16,36333.8496426268
"2086",2018-09-17,52031.3755498387
"2087",2018-09-18,36421.9628848871
"2088",2018-09-19,25495.374019421
"2089",2018-09-20,17846.7618135947
"2090",2018-09-21,12492.7332695163
"2091",2018-09-22,28110.642670404
"2092",2018-09-23,36802.1485530328
"2093",2018-09-24,25777.3031871229
"2094",2018-09-25,18044.1122309861
"2095",2018-09-26,12630.8785616902
"2096",2018-09-27,27798.9978822702
"2097",2018-09-28,19459.2985175892
"2098",2018-09-29,13621.5089623124
"2099",2018-09-30,9535.05627361869
"2100",2018-10-01,6674.53939153308
"2101",2018-10-02,4672.17757407316
"2102",2018-10-03,3270.52430185121
"2103",2018-10-04,2289.36701129585
"2104",2018-10-05,1602.55690790709
"2105",2018-10-06,1121.78983553497
"2106",2018-10-07,1692.0366766824
"2107",2018-10-08,1184.42567367768
"2108",2018-10-09,1963.46989619801
"2109",2018-10-10,19159.5968421438
"2110",2018-10-11,55337.0744732507
"2111",2018-10-12,38735.9521312755
"2112",2018-10-13,27115.1664918928
"2113",2018-10-14,19414.3972746005
"2114",2018-10-15,13590.0780922204
"2115",2018-10-16,10309.807525424
"2116",2018-10-17,7216.86526779679
"2117",2018-10-18,5051.80568745775
"2118",2018-10-19,3536.26398122043
"2119",2018-10-20,2475.3847868543
"2120",2018-10-21,1732.76935079801
"2121",2018-10-22,1212.93854555861
"2122",2018-10-23,849.056981891025
"2123",2018-10-24,594.339887323717
"2124",2018-10-25,416.037921126602
"2125",2018-10-26,16405.1336053167
"2126",2018-10-27,11483.5935237217
"2127",2018-10-28,9639.83046486891
"2128",2018-10-29,6747.88132540824
"2129",2018-10-30,4723.51692778577
"2130",2018-10-31,3306.46184945004
"2131",2018-11-01,2314.52329461502
"2132",2018-11-02,8677.28314454512
"2133",2018-11-03,6074.09820118158
"2134",2018-11-04,4251.86874082711
"2135",2018-11-05,3279.50157959129
"2136",2018-11-06,4306.66546585281
"2137",2018-11-07,3014.66582609696
"2138",2018-11-08,2110.26607826787
"2139",2018-11-09,7455.80791778082
"2140",2018-11-10,5219.06554244657
"2141",2018-11-11,3653.3458797126
"2142",2018-11-12,20523.3915491856
"2143",2018-11-13,15465.2356844299
"2144",2018-11-14,10825.664979101
"2145",2018-11-15,34082.746524373
"2146",2018-11-16,23857.9225670611
"2147",2018-11-17,16700.5457969428
"2148",2018-11-18,11690.3820578599
"2149",2018-11-19,19001.6896066631
"2150",2018-11-20,15369.9361945038
"2151",2018-11-21,10758.9553361527
"2152",2018-11-22,7531.26873530686
"2153",2018-11-23,5271.8881147148
"2154",2018-11-24,19435.5160507967
"2155",2018-11-25,13604.8612355577
"2156",2018-11-26,9523.40286489037
"2157",2018-11-27,6666.38200542326
"2158",2018-11-28,4666.46740379628
"2159",2018-11-29,3266.5271826574
"2160",2018-11-30,6057.62699465129
"2161",2018-12-01,25065.5726770646
"2162",2018-12-02,23090.1524076789
"2163",2018-12-03,16163.1066853752
"2164",2018-12-04,11314.1746797626
"2165",2018-12-05,7919.92227583385
"2166",2018-12-06,5543.94559308369
"2167",2018-12-07,3880.76191515858
"2168",2018-12-08,2716.53334061101
"2169",2018-12-09,5441.87495842707
"2170",2018-12-10,3809.31247089895
"2171",2018-12-11,2666.51872962927
"2172",2018-12-12,1866.56311074049
"2173",2018-12-13,1306.59417751834
"2174",2018-12-14,5683.19196936719
"2175",2018-12-15,14393.037547524
"2176",2018-12-16,11090.2248832668
"2177",2018-12-17,7763.15741828675
"2178",2018-12-18,5434.21019280072
"2179",2018-12-19,3803.94713496051
"2180",2018-12-20,26126.3480406227
"2181",2018-12-21,25117.7840284359
"2182",2018-12-22,17582.4488199051
"2183",2018-12-23,12307.7141739336
"2184",2018-12-24,8615.39992175351
"2185",2018-12-25,6030.77994522746
"2186",2018-12-26,4221.54596165922
"2187",2018-12-27,2955.08217316146
"2188",2018-12-28,27265.6510042491
"2189",2018-12-29,19085.9557029744
"2190",2018-12-30,13360.168992082
"2191",2018-12-31,10286.8795038183
"2192",2019-01-01,7200.81565267279
"2193",2019-01-02,5466.36149582402
"2194",2019-01-03,6212.93013529297
"2195",2019-01-04,8252.95166633008
"2196",2019-01-05,6813.68436643105
"2197",2019-01-06,4769.57905650174
"2198",2019-01-07,3338.70533955122
"2199",2019-01-08,2337.09373768585
"2200",2019-01-09,1635.9656163801
"2201",2019-01-10,1145.17593146607
"2202",2019-01-11,801.623152026247
"2203",2019-01-12,4636.4809549107
"2204",2019-01-13,9492.71260979689
"2205",2019-01-14,6644.89882685783
"2206",2019-01-15,4651.42917880048
"2207",2019-01-16,3256.00042516034
"2208",2019-01-17,3222.27812099654
"2209",2019-01-18,2255.59468469758
"2210",2019-01-19,18472.8951329299
"2211",2019-01-20,14645.3759079259
"2212",2019-01-21,10251.7631355481
"2213",2019-01-22,7176.2341948837
"2214",2019-01-23,6350.98060794621
"2215",2019-01-24,12114.9310648343
"2216",2019-01-25,8480.45174538401
"2217",2019-01-26,5936.31622176881
"2218",2019-01-27,4155.42135523817
"2219",2019-01-28,2908.79494866672
"2220",2019-01-29,2333.47514397276
"2221",2019-01-30,1633.43260078093
"2222",2019-01-31,1143.40282054665
"2223",2019-02-01,800.381974382657
"2224",2019-02-02,560.26738206786
"2225",2019-02-03,392.187167447502
"2226",2019-02-04,274.531017213252
"2227",2019-02-05,192.171712049276
"2228",2019-02-06,134.520198434493
"2229",2019-02-07,1003.04163591014
"2230",2019-02-08,702.129145137101
"2231",2019-02-09,491.490401595971
"2232",2019-02-10,3098.83132339398
"2233",2019-02-11,2783.58109668487
"2234",2019-02-12,12546.3944977226
"2235",2019-02-13,8782.47614840582
"2236",2019-02-14,6147.73330388408
"2237",2019-02-15,5490.11166341507
"2238",2019-02-16,8941.72522114055
"2239",2019-02-17,16303.8215399234
"2240",2019-02-18,12503.5312765672
"2241",2019-02-19,8752.47189359702
"2242",2019-02-20,27018.7880595822
"2243",2019-02-21,18913.1516417075
"2244",2019-02-22,43521.1753253006
"2245",2019-02-23,53572.6919344217
"2246",2019-02-24,49303.4139778234
"2247",2019-02-25,34512.3897844764
"2248",2019-02-26,24158.6728491335
"2249",2019-02-27,16911.0709943934
"2250",2019-02-28,11837.7496960754
"2251",2019-03-01,20644.8481512104
"2252",2019-03-02,14451.3937058473
"2253",2019-03-03,18428.8890749621
"2254",2019-03-04,12900.2223524735
"2255",2019-03-05,9030.15564673142
"2256",2019-03-06,6321.108952712
"2257",2019-03-07,4424.7762668984
"2258",2019-03-08,4723.84197393285
"2259",2019-03-09,3306.689381753
"2260",2019-03-10,4206.53915206917
"2261",2019-03-11,2944.57740644842
"2262",2019-03-12,2061.20418451389
"2263",2019-03-13,1442.84292915973
"2264",2019-03-14,1009.99005041181
"2265",2019-03-15,706.993035288265
"2266",2019-03-16,494.895124701786
"2267",2019-03-17,346.42658729125
"2268",2019-03-18,242.498611103875
"2269",2019-03-19,169.749027772713
"2270",2019-03-20,118.824319440899
"2271",2019-03-21,471.452903697291
"2272",2019-03-22,330.017032588104
"2273",2019-03-23,231.011922811673
"2274",2019-03-24,161.708345968171
"2275",2019-03-25,1333.18448603748
"2276",2019-03-26,933.229140226234
"2277",2019-03-27,653.260398158364
"2278",2019-03-28,457.282278710854
"2279",2019-03-29,320.097595097598
"2280",2019-03-30,224.068316568319
"2281",2019-03-31,156.847821597823
"2282",2019-04-01,109.793475118476
"2283",2019-04-02,76.8554325829333
"2284",2019-04-03,53.7988028080533
"2285",2019-04-04,37.6591619656373
"2286",2019-04-05,9146.00939652229
"2287",2019-04-06,6402.2065775656
"2288",2019-04-07,4481.54460429592
"2289",2019-04-08,9201.53379080652
"2290",2019-04-09,6441.07365356457
"2291",2019-04-10,4508.7515574952
"2292",2019-04-11,3156.12609024664
"2293",2019-04-12,3647.11397311026
"2294",2019-04-13,3198.903017482
"2295",2019-04-14,23393.6907638149
"2296",2019-04-15,16563.2671346704
"2297",2019-04-16,11594.2869942693
"2298",2019-04-17,8116.0008959885
"2299",2019-04-18,5681.20062719195
"2300",2019-04-19,23573.9931508811
"2301",2019-04-20,16501.7952056168
"2302",2019-04-21,11551.2566439317
"2303",2019-04-22,8085.87965075221
"2304",2019-04-23,5660.11575552655
"2305",2019-04-24,3962.08102886858
"2306",2019-04-25,2773.45672020801
"2307",2019-04-26,3592.44527085612
"2308",2019-04-27,2514.71168959929
"2309",2019-04-28,1760.2981827195
"2310",2019-04-29,1232.20872790365
"2311",2019-04-30,862.546109532555
"2312",2019-05-01,603.782276672788
"2313",2019-05-02,422.647593670952
"2314",2019-05-03,7195.4138060525
"2315",2019-05-04,6127.09037652374
"2316",2019-05-05,6280.96330334541
"2317",2019-05-06,4396.67431234179
"2318",2019-05-07,3077.67201863925
"2319",2019-05-08,2154.37041304748
"2320",2019-05-09,1508.05928913323
"2321",2019-05-10,1055.64150239326
"2322",2019-05-11,3098.28004335577
"2323",2019-05-12,8800.20773549767
"2324",2019-05-13,6160.14541484837
"2325",2019-05-14,4312.10179039386
"2326",2019-05-15,3018.4712532757
"2327",2019-05-16,2112.92987729299
"2328",2019-05-17,1479.05091410509
"2329",2019-05-18,1035.33563987357
"2330",2019-05-19,724.734947911496
"2331",2019-05-20,507.314463538047
"2332",2019-05-21,355.120124476633
"2333",2019-05-22,248.584087133643
"2334",2019-05-23,174.00886099355
"2335",2019-05-24,121.806202695485
"2336",2019-05-25,300.491765111717
"2337",2019-05-26,2735.61478301515
"2338",2019-05-27,1914.9303481106
"2339",2019-05-28,1340.45124367742
"2340",2019-05-29,2839.92188227012
"2341",2019-05-30,1987.94531758908
"2342",2019-05-31,5005.1875520404
"2343",2019-06-01,3503.63128642828
"2344",2019-06-02,2452.5419004998
"2345",2019-06-03,1716.77933034986
"2346",2019-06-04,1201.7455312449
"2347",2019-06-05,841.221871871431
"2348",2019-06-06,588.855310310002
"2349",2019-06-07,19209.5607225965
"2350",2019-06-08,61483.3231223089
"2351",2019-06-09,44111.8545572412
"2352",2019-06-10,39270.1249049439
"2353",2019-06-11,27489.0874334607
"2354",2019-06-12,19242.3612034225
"2355",2019-06-13,13469.6528423957
"2356",2019-06-14,9428.75698967702
"2357",2019-06-15,6600.12989277392
"2358",2019-06-16,4620.09092494174
"2359",2019-06-17,4078.17873746704
"2360",2019-06-18,4941.47775153292
"2361",2019-06-19,3459.03442607304
"2362",2019-06-20,2421.32409825113
"2363",2019-06-21,1694.92686877579
"2364",2019-06-22,1186.44880814305
"2365",2019-06-23,830.514165700138
"2366",2019-06-24,2223.12862068177
"2367",2019-06-25,1556.19003447724
"2368",2019-06-26,1089.33302413407
"2369",2019-06-27,762.533116893849
"2370",2019-06-28,533.773181825694
"2371",2019-06-29,1591.86054955878
"2372",2019-06-30,1114.30238469115
"2373",2019-07-01,780.011669283802
"2374",2019-07-02,546.008168498661
"2375",2019-07-03,382.205717949063
"2376",2019-07-04,8991.61478352029
"2377",2019-07-05,6294.1303484642
"2378",2019-07-06,4405.89124392494
"2379",2019-07-07,4780.10597321311
"2380",2019-07-08,3346.07418124918
"2381",2019-07-09,2342.25192687443
"2382",2019-07-10,1639.5763488121
"2383",2019-07-11,1147.70344416847
"2384",2019-07-12,803.392410917928
"2385",2019-07-13,562.374687642549
"2386",2019-07-14,393.662281349785
"2387",2019-07-15,275.563596944849
"2388",2019-07-16,192.894517861394
"2389",2019-07-17,135.026162502976
"2390",2019-07-18,94.5183137520833
"2391",2019-07-19,66.1628196264583
"2392",2019-07-20,46.3139737385208
"2393",2019-07-21,24104.7554667957
"2394",2019-07-22,19400.2513202605
"2395",2019-07-23,25845.8029539323
"2396",2019-07-24,18092.0620677526
"2397",2019-07-25,12664.4434474268
"2398",2019-07-26,8865.11041319879
"2399",2019-07-27,6205.57728923916
"2400",2019-07-28,4343.90410246741
"2401",2019-07-29,3040.73287172719
"2402",2019-07-30,5946.99258813407
"2403",2019-07-31,4162.89481169385
"2404",2019-08-01,3821.84351086172
"2405",2019-08-02,2675.29045760321
"2406",2019-08-03,1872.70332032224
"2407",2019-08-04,1310.89232422557
"2408",2019-08-05,917.6246269579
"2409",2019-08-06,642.33723887053
"2410",2019-08-07,449.636067209371
"2411",2019-08-08,314.74524704656
"2412",2019-08-09,220.321672932592
"2413",2019-08-10,154.225171052814
"2414",2019-08-11,107.95761973697
"2415",2019-08-12,75.570333815879
"2416",2019-08-13,52.8992336711153
"2417",2019-08-14,37.0294635697807
"2418",2019-08-15,1583.6138635962
"2419",2019-08-16,8868.67719194384
"2420",2019-08-17,6208.07403436069
"2421",2019-08-18,4345.65182405248
"2422",2019-08-19,3041.95627683674
"2423",2019-08-20,2129.36939378572
"2424",2019-08-21,1490.55857565
"2425",2019-08-22,4440.78681007633
"2426",2019-08-23,19835.0739844679
"2427",2019-08-24,13884.5517891276
"2428",2019-08-25,9719.18625238929
"2429",2019-08-26,6803.4303766725
"2430",2019-08-27,6938.63012445046
"2431",2019-08-28,4857.04108711533
"2432",2019-08-29,3399.92876098073
"2433",2019-08-30,2379.95013268651
"2434",2019-08-31,1665.96509288056
"2435",2019-09-01,1166.17556501639
"2436",2019-09-02,816.322895511473
"2437",2019-09-03,571.426026858031
"2438",2019-09-04,399.998218800622
"2439",2019-09-05,279.998753160435
"2440",2019-09-06,195.999127212305
"2441",2019-09-07,137.199389048613
"2442",2019-09-08,96.0395723340293
"2443",2019-09-09,67.2277006338205
"2444",2019-09-10,47.0593904436744
"2445",2019-09-11,6560.9645546742
"2446",2019-09-12,4592.67518827194
"2447",2019-09-13,3214.87263179036
"2448",2019-09-14,2549.44383068836
"2449",2019-09-15,1784.61068148185
"2450",2019-09-16,1249.2274770373
"2451",2019-09-17,874.459233926107
"2452",2019-09-18,612.121463748275
"2453",2019-09-19,428.485024623792
"2454",2019-09-20,299.939517236655
"2455",2019-09-21,209.957662065658
"2456",2019-09-22,146.970363445961
"2457",2019-09-23,102.879254412173
"2458",2019-09-24,72.0154780885208
"2459",2019-09-25,50.4108346619646
"2460",2019-09-26,35.2875842633752
"2461",2019-09-27,24.7013089843626
"2462",2019-09-28,4624.15151975633
"2463",2019-09-29,3236.90606382943
"2464",2019-09-30,2453.63707123243
"2465",2019-10-01,1717.5459498627
"2466",2019-10-02,1202.28216490389
"2467",2019-10-03,841.597515432724
"2468",2019-10-04,589.118260802907
"2469",2019-10-05,412.382782562035
"2470",2019-10-06,1240.80179709468
"2471",2019-10-07,868.561257966277
"2472",2019-10-08,8606.05835068338
"2473",2019-10-09,6024.24084547837
"2474",2019-10-10,4216.96859183486
"2475",2019-10-11,2951.8780142844
"2476",2019-10-12,2066.31460999908
"2477",2019-10-13,1446.42022699936
"2478",2019-10-14,1012.49415889955
"2479",2019-10-15,708.745911229685
"2480",2019-10-16,17633.4473049
"2481",2019-10-17,12343.41311343
"2482",2019-10-18,8640.38917940099
"2483",2019-10-19,7598.38664709284
"2484",2019-10-20,32827.8440848751
"2485",2019-10-21,22979.4908594125
"2486",2019-10-22,22805.3688495208
"2487",2019-10-23,15963.7581946645
"2488",2019-10-24,11174.6307362652
"2489",2019-10-25,7822.24151538562
"2490",2019-10-26,5475.56906076993
"2491",2019-10-27,12978.4741363864
"2492",2019-10-28,9084.9318954705
"2493",2019-10-29,6359.45232682935
"2494",2019-10-30,11492.3800096569
"2495",2019-10-31,10270.7190621349
"2496",2019-11-01,7189.5033434944
"2497",2019-11-02,5032.65234044608
"2498",2019-11-03,3522.85663831226
"2499",2019-11-04,2465.99964681858
"2500",2019-11-05,1726.19975277301
"2501",2019-11-06,1208.3398269411
"2502",2019-11-07,845.837878858772
"2503",2019-11-08,592.086515201141
"2504",2019-11-09,414.460560640799
"2505",2019-11-10,290.122392448559
"2506",2019-11-11,203.085674713991
"2507",2019-11-12,688.344963906912
"2508",2019-11-13,481.841474734839
"2509",2019-11-14,337.289032314387
"2510",2019-11-15,236.102322620071
"2511",2019-11-16,165.27162583405
"2512",2019-11-17,115.690138083835
"2513",2019-11-18,1562.8562911487
"2514",2019-11-19,1093.99940380409
"2515",2019-11-20,765.799582662861
"2516",2019-11-21,536.059707864003
"2517",2019-11-22,375.241795504802
"2518",2019-11-23,8395.98316935136
"2519",2019-11-24,6522.23141854595
"2520",2019-11-25,4565.56199298217
"2521",2019-11-26,3195.89339508752
"2522",2019-11-27,5118.18680500307
"2523",2019-11-28,3582.73076350215
"2524",2019-11-29,2507.9115344515
"2525",2019-11-30,9384.08323275265
"2526",2019-12-01,22448.2796373019
"2527",2019-12-02,15713.7957461113
"2528",2019-12-03,10999.6570222779
"2529",2019-12-04,7699.75991559454
"2530",2019-12-05,5389.83194091618
"2531",2019-12-06,3772.88235864132
"2532",2019-12-07,2641.01765104893
"2533",2019-12-08,1848.71235573425
"2534",2019-12-09,8815.33700485084
"2535",2019-12-10,7364.66510339559
"2536",2019-12-11,5155.26557237691
"2537",2019-12-12,3608.68590066384
"2538",2019-12-13,10163.4755686179
"2539",2019-12-14,20545.1218135768
"2540",2019-12-15,14381.5852695038
"2541",2019-12-16,10067.1096886526
"2542",2019-12-17,7585.8199810524
"2543",2019-12-18,5310.07398673668
"2544",2019-12-19,3717.05179071567
"2545",2019-12-20,2601.93625350097
"2546",2019-12-21,1821.35537745068
"2547",2019-12-22,1274.94876421548
"2548",2019-12-23,892.464134950833
"2549",2019-12-24,624.724894465583
"2550",2019-12-25,437.307426125908
"2551",2019-12-26,306.115198288136
"2552",2019-12-27,214.280638801695
"2553",2019-12-28,149.996447161187
"2554",2019-12-29,2334.93312245842
"2555",2019-12-30,1634.4531857209
"2556",2019-12-31,1144.11723000463
